Library index,Radionuclide,Radiation number,Key radiation Boolean,Radiation energy (keV),Uncertainty of radiation energy (keV),Emission probability (%),Uncertainty of emission probability (%),Parent energy level,Angular momentum and parity,Half-life,Uncertainty of half-life,Half-life unit,Half-life (s),Decay mode,Branching fraction (%),Uncertainty of branching fraction (%),Literature cutoff date,Literature authors,Database access date,Database
0,U-238,1,0,49.55,0.06,0.064,0.008,0.0,0+,4468000000.0,6,Y,1.4099634525447706e+17,A,100.0,,1-Jun-2006,E. BROWNE and  J. K. TULI,2024-04-27,ENSDF
1,U-238,2,0,113.5,0.1,0.0102,0.0015,0.0,0+,4468000000.0,6,Y,1.4099634525447706e+17,A,100.0,,1-Jun-2006,E. BROWNE and  J. K. TULI,2024-04-27,ENSDF
2,U-238,5,0,15.784,,7.3226196218728,0.9589568838248274,0.0,0+,4468000000.0,6,Y,1.4099634525447706e+17,A,100.0,,1-Jun-2006,E. BROWNE and  J. K. TULI,2024-04-27,ENSDF
3,U-238,7,0,93.347,,0.0011186798658306,0.0001653652539396,0.0,0+,4468000000.0,6,Y,1.4099634525447706e+17,A,100.0,,1-Jun-2006,E. BROWNE and  J. K. TULI,2024-04-27,ENSDF
4,Th-234,1,0,20.02,0.02,0.005,0.0020396078054371,0.0,0+,24.1,3,d,2082240.0,B-,100.0,,1-Jun-2006,E. BROWNE and  J. K. TULI,2024-04-27,ENSDF
5,Th-234,2,0,29.49,0.02,0.0012,0.0001386217876093,0.0,0+,24.1,3,d,2082240.0,B-,100.0,,1-Jun-2006,E. BROWNE and  J. K. TULI,2024-04-27,ENSDF
6,Th-234,3,0,57.75,0.1,0.005,0.0030265491900843,0.0,0+,24.1,3,d,2082240.0,B-,100.0,,1-Jun-2006,E. BROWNE and  J. K. TULI,2024-04-27,ENSDF
7,Th-234,4,0,62.86,0.02,0.016,0.0028086295590554,0.0,0+,24.1,3,d,2082240.0,B-,100.0,,1-Jun-2006,E. BROWNE and  J. K. TULI,2024-04-27,ENSDF
8,Th-234,5,1,63.29,0.02,3.665,0.3885759127892515,0.0,0+,24.1,3,d,2082240.0,B-,100.0,,1-Jun-2006,E. BROWNE and  J. K. TULI,2024-04-27,ENSDF
9,Th-234,6,0,73.92,0.02,0.013,0.0014427751037497,0.0,0+,24.1,3,d,2082240.0,B-,100.0,,1-Jun-2006,E. BROWNE and  J. K. TULI,2024-04-27,ENSDF
10,Th-234,7,0,83.3,0.05,0.06,0.0056603886792339,0.0,0+,24.1,3,d,2082240.0,B-,100.0,,1-Jun-2006,E. BROWNE and  J. K. TULI,2024-04-27,ENSDF
11,Th-234,8,0,87.02,0.06,0.0145,0.002756011611006,0.0,0+,24.1,3,d,2082240.0,B-,100.0,,1-Jun-2006,E. BROWNE and  J. K. TULI,2024-04-27,ENSDF
12,Th-234,9,0,92.38,0.01,2.13,0.202820511783202,0.0,0+,24.1,3,d,2082240.0,B-,100.0,,1-Jun-2006,E. BROWNE and  J. K. TULI,2024-04-27,ENSDF
13,Th-234,10,0,92.8,0.02,2.1,0.2008083663595717,0.0,0+,24.1,3,d,2082240.0,B-,100.0,,1-Jun-2006,E. BROWNE and  J. K. TULI,2024-04-27,ENSDF
14,Th-234,11,0,103.35,0.1,0.00315,0.0009828550249146,0.0,0+,24.1,3,d,2082240.0,B-,100.0,,1-Jun-2006,E. BROWNE and  J. K. TULI,2024-04-27,ENSDF
15,Th-234,12,0,108.0,0.05,0.008,0.0011872657663724,0.0,0+,24.1,3,d,2082240.0,B-,100.0,,1-Jun-2006,E. BROWNE and  J. K. TULI,2024-04-27,ENSDF
16,Th-234,13,0,112.81,0.05,0.21,0.0225219892549481,0.0,0+,24.1,3,d,2082240.0,B-,100.0,,1-Jun-2006,E. BROWNE and  J. K. TULI,2024-04-27,ENSDF
17,Th-234,14,0,184.8,,0.01,0.0050635955604688,0.0,0+,24.1,3,d,2082240.0,B-,100.0,,1-Jun-2006,E. BROWNE and  J. K. TULI,2024-04-27,ENSDF
18,Th-234,15,0,16.228,,7.2,0.5,0.0,0+,24.1,3,d,2082240.0,B-,100.0,,1-Jun-2006,E. BROWNE and  J. K. TULI,2024-04-27,ENSDF
19,Th-234,16,0,92.282,,0.009,0.009,0.0,0+,24.1,3,d,2082240.0,B-,100.0,,1-Jun-2006,E. BROWNE and  J. K. TULI,2024-04-27,ENSDF
20,Th-234,17,0,95.865,,0.014,0.014,0.0,0+,24.1,3,d,2082240.0,B-,100.0,,1-Jun-2006,E. BROWNE and  J. K. TULI,2024-04-27,ENSDF
21,Th-234,18,0,108.373,,0.005,0.005,0.0,0+,24.1,3,d,2082240.0,B-,100.0,,1-Jun-2006,E. BROWNE and  J. K. TULI,2024-04-27,ENSDF
22,Th-234,19,0,109.74,,0.007,0.007,0.0,0+,24.1,3,d,2082240.0,B-,100.0,,1-Jun-2006,E. BROWNE and  J. K. TULI,2024-04-27,ENSDF
23,Th-234,20,0,111.482,,0.0017,0.0017,0.0,0+,24.1,3,d,2082240.0,B-,100.0,,1-Jun-2006,E. BROWNE and  J. K. TULI,2024-04-27,ENSDF
24,Pa-234m,1,0,62.7,0.01,0.0012,0.0004,73.92,(0-),1.159,11,m,69.54,B-,99.84,0.04,1-Jun-2006,E. BROWNE and  J. K. TULI,2024-04-27,ENSDF
25,Pa-234m,2,0,73.92,0.02,0.013,0.003,73.92,(0-),1.159,11,m,69.54,IT,0.16,0.04,1-Jun-2006,E. BROWNE and  J. K. TULI,2024-04-27,ENSDF
26,Pa-234m,3,0,140.1,1.0,0.00128,0.00014,73.92,(0-),1.159,11,m,69.54,B-,99.84,0.04,1-Jun-2006,E. BROWNE and  J. K. TULI,2024-04-27,ENSDF
27,Pa-234m,4,0,184.7,0.5,0.00168,0.00017,73.92,(0-),1.159,11,m,69.54,B-,99.84,0.04,1-Jun-2006,E. BROWNE and  J. K. TULI,2024-04-27,ENSDF
28,Pa-234m,5,0,203.3,0.8,0.0017,0.0004,73.92,(0-),1.159,11,m,69.54,B-,99.84,0.04,1-Jun-2006,E. BROWNE and  J. K. TULI,2024-04-27,ENSDF
29,Pa-234m,6,0,209.9,0.4,0.00135,0.00017,73.92,(0-),1.159,11,m,69.54,B-,99.84,0.04,1-Jun-2006,E. BROWNE and  J. K. TULI,2024-04-27,ENSDF
30,Pa-234m,7,0,258.227,0.003,0.0764,0.0021,73.92,(0-),1.159,11,m,69.54,B-,99.84,0.04,1-Jun-2006,E. BROWNE and  J. K. TULI,2024-04-27,ENSDF
31,Pa-234m,8,0,338.1,0.8,0.0011,0.0003,73.92,(0-),1.159,11,m,69.54,B-,99.84,0.04,1-Jun-2006,E. BROWNE and  J. K. TULI,2024-04-27,ENSDF
32,Pa-234m,9,0,450.97,0.1,0.00311,0.00015,73.92,(0-),1.159,11,m,69.54,B-,99.84,0.04,1-Jun-2006,E. BROWNE and  J. K. TULI,2024-04-27,ENSDF
33,Pa-234m,10,0,453.58,0.1,0.00213,0.00012,73.92,(0-),1.159,11,m,69.54,B-,99.84,0.04,1-Jun-2006,E. BROWNE and  J. K. TULI,2024-04-27,ENSDF
34,Pa-234m,11,0,468.43,0.1,0.00229,0.00014,73.92,(0-),1.159,11,m,69.54,B-,99.84,0.04,1-Jun-2006,E. BROWNE and  J. K. TULI,2024-04-27,ENSDF
35,Pa-234m,12,0,475.74,0.1,0.00239,0.00014,73.92,(0-),1.159,11,m,69.54,B-,99.84,0.04,1-Jun-2006,E. BROWNE and  J. K. TULI,2024-04-27,ENSDF
36,Pa-234m,13,0,507.5,1.0,0.00157,0.00014,73.92,(0-),1.159,11,m,69.54,B-,99.84,0.04,1-Jun-2006,E. BROWNE and  J. K. TULI,2024-04-27,ENSDF
37,Pa-234m,14,0,509.2,0.8,0.0021,0.0003,73.92,(0-),1.159,11,m,69.54,B-,99.84,0.04,1-Jun-2006,E. BROWNE and  J. K. TULI,2024-04-27,ENSDF
38,Pa-234m,15,0,543.98,0.1,0.00367,0.00016,73.92,(0-),1.159,11,m,69.54,B-,99.84,0.04,1-Jun-2006,E. BROWNE and  J. K. TULI,2024-04-27,ENSDF
39,Pa-234m,16,0,647.7,0.8,0.00157,0.00014,73.92,(0-),1.159,11,m,69.54,B-,99.84,0.04,1-Jun-2006,E. BROWNE and  J. K. TULI,2024-04-27,ENSDF
40,Pa-234m,17,0,649.0,1.0,0.001,0.0003,73.92,(0-),1.159,11,m,69.54,B-,99.84,0.04,1-Jun-2006,E. BROWNE and  J. K. TULI,2024-04-27,ENSDF
41,Pa-234m,18,0,655.3,1.0,0.00138,0.00014,73.92,(0-),1.159,11,m,69.54,B-,99.84,0.04,1-Jun-2006,E. BROWNE and  J. K. TULI,2024-04-27,ENSDF
42,Pa-234m,19,0,691.0,0.3,0.00892,0.00019,73.92,(0-),1.159,11,m,69.54,B-,99.84,0.04,1-Jun-2006,E. BROWNE and  J. K. TULI,2024-04-27,ENSDF
43,Pa-234m,20,0,695.5,1.0,0.00162,0.00014,73.92,(0-),1.159,11,m,69.54,B-,99.84,0.04,1-Jun-2006,E. BROWNE and  J. K. TULI,2024-04-27,ENSDF
44,Pa-234m,21,0,699.02,0.1,0.0057,0.0003,73.92,(0-),1.159,11,m,69.54,B-,99.84,0.04,1-Jun-2006,E. BROWNE and  J. K. TULI,2024-04-27,ENSDF
45,Pa-234m,22,0,702.0,0.1,0.00724,0.00018,73.92,(0-),1.159,11,m,69.54,B-,99.84,0.04,1-Jun-2006,E. BROWNE and  J. K. TULI,2024-04-27,ENSDF
46,Pa-234m,23,0,705.94,0.12,0.0056,0.0003,73.92,(0-),1.159,11,m,69.54,B-,99.84,0.04,1-Jun-2006,E. BROWNE and  J. K. TULI,2024-04-27,ENSDF
47,Pa-234m,24,0,732.5,1.0,0.0013,0.00014,73.92,(0-),1.159,11,m,69.54,B-,99.84,0.04,1-Jun-2006,E. BROWNE and  J. K. TULI,2024-04-27,ENSDF
48,Pa-234m,25,0,740.1,0.08,0.0109,0.0017,73.92,(0-),1.159,11,m,69.54,B-,99.84,0.04,1-Jun-2006,E. BROWNE and  J. K. TULI,2024-04-27,ENSDF
49,Pa-234m,26,0,742.813,0.005,0.1066,0.0023,73.92,(0-),1.159,11,m,69.54,B-,99.84,0.04,1-Jun-2006,E. BROWNE and  J. K. TULI,2024-04-27,ENSDF
50,Pa-234m,27,0,760.3,1.0,0.00157,0.00014,73.92,(0-),1.159,11,m,69.54,B-,99.84,0.04,1-Jun-2006,E. BROWNE and  J. K. TULI,2024-04-27,ENSDF
51,Pa-234m,28,0,766.42,0.1,0.317,0.005,73.92,(0-),1.159,11,m,69.54,B-,99.84,0.04,1-Jun-2006,E. BROWNE and  J. K. TULI,2024-04-27,ENSDF
52,Pa-234m,29,0,781.75,0.1,0.00777,0.0002,73.92,(0-),1.159,11,m,69.54,B-,99.84,0.04,1-Jun-2006,E. BROWNE and  J. K. TULI,2024-04-27,ENSDF
53,Pa-234m,30,0,786.28,0.1,0.0544,0.0008,73.92,(0-),1.159,11,m,69.54,B-,99.84,0.04,1-Jun-2006,E. BROWNE and  J. K. TULI,2024-04-27,ENSDF
54,Pa-234m,31,0,805.75,0.1,0.0059,0.0003,73.92,(0-),1.159,11,m,69.54,B-,99.84,0.04,1-Jun-2006,E. BROWNE and  J. K. TULI,2024-04-27,ENSDF
55,Pa-234m,32,0,808.2,0.1,0.00278,0.00017,73.92,(0-),1.159,11,m,69.54,B-,99.84,0.04,1-Jun-2006,E. BROWNE and  J. K. TULI,2024-04-27,ENSDF
56,Pa-234m,33,0,818.2,0.5,0.001,0.0003,73.92,(0-),1.159,11,m,69.54,B-,99.84,0.04,1-Jun-2006,E. BROWNE and  J. K. TULI,2024-04-27,ENSDF
57,Pa-234m,34,0,825.6,0.5,0.0066,0.0003,73.92,(0-),1.159,11,m,69.54,B-,99.84,0.04,1-Jun-2006,E. BROWNE and  J. K. TULI,2024-04-27,ENSDF
58,Pa-234m,35,0,844.1,0.8,0.0011,0.0003,73.92,(0-),1.159,11,m,69.54,B-,99.84,0.04,1-Jun-2006,E. BROWNE and  J. K. TULI,2024-04-27,ENSDF
59,Pa-234m,36,0,851.58,0.1,0.0069,0.00011,73.92,(0-),1.159,11,m,69.54,B-,99.84,0.04,1-Jun-2006,E. BROWNE and  J. K. TULI,2024-04-27,ENSDF
60,Pa-234m,37,0,866.8,1.0,0.00114,0.00014,73.92,(0-),1.159,11,m,69.54,B-,99.84,0.04,1-Jun-2006,E. BROWNE and  J. K. TULI,2024-04-27,ENSDF
61,Pa-234m,38,0,880.9,0.5,0.004,0.0004,73.92,(0-),1.159,11,m,69.54,B-,99.84,0.04,1-Jun-2006,E. BROWNE and  J. K. TULI,2024-04-27,ENSDF
62,Pa-234m,39,0,883.22,0.1,0.0035,0.0003,73.92,(0-),1.159,11,m,69.54,B-,99.84,0.04,1-Jun-2006,E. BROWNE and  J. K. TULI,2024-04-27,ENSDF
63,Pa-234m,40,0,887.29,0.1,0.00709,0.00011,73.92,(0-),1.159,11,m,69.54,B-,99.84,0.04,1-Jun-2006,E. BROWNE and  J. K. TULI,2024-04-27,ENSDF
64,Pa-234m,41,0,921.72,0.1,0.01278,0.00016,73.92,(0-),1.159,11,m,69.54,B-,99.84,0.04,1-Jun-2006,E. BROWNE and  J. K. TULI,2024-04-27,ENSDF
65,Pa-234m,42,0,926.61,0.1,0.00124,0.00014,73.92,(0-),1.159,11,m,69.54,B-,99.84,0.04,1-Jun-2006,E. BROWNE and  J. K. TULI,2024-04-27,ENSDF
66,Pa-234m,43,0,936.3,1.0,0.0011,0.0003,73.92,(0-),1.159,11,m,69.54,B-,99.84,0.04,1-Jun-2006,E. BROWNE and  J. K. TULI,2024-04-27,ENSDF
67,Pa-234m,44,0,941.96,0.1,0.00252,9e-05,73.92,(0-),1.159,11,m,69.54,B-,99.84,0.04,1-Jun-2006,E. BROWNE and  J. K. TULI,2024-04-27,ENSDF
68,Pa-234m,45,0,945.94,0.02,0.0101,0.0008,73.92,(0-),1.159,11,m,69.54,B-,99.84,0.04,1-Jun-2006,E. BROWNE and  J. K. TULI,2024-04-27,ENSDF
69,Pa-234m,46,0,996.1,2.0,0.0056,0.0004,73.92,(0-),1.159,11,m,69.54,B-,99.84,0.04,1-Jun-2006,E. BROWNE and  J. K. TULI,2024-04-27,ENSDF
70,Pa-234m,47,1,1001.03,0.1,0.842,0.008,73.92,(0-),1.159,11,m,69.54,B-,99.84,0.04,1-Jun-2006,E. BROWNE and  J. K. TULI,2024-04-27,ENSDF
71,Pa-234m,48,0,1041.7,0.1,0.00124,7e-05,73.92,(0-),1.159,11,m,69.54,B-,99.84,0.04,1-Jun-2006,E. BROWNE and  J. K. TULI,2024-04-27,ENSDF
72,Pa-234m,49,0,1059.4,0.8,0.00228,0.0001,73.92,(0-),1.159,11,m,69.54,B-,99.84,0.04,1-Jun-2006,E. BROWNE and  J. K. TULI,2024-04-27,ENSDF
73,Pa-234m,50,0,1061.86,0.1,0.00214,0.00012,73.92,(0-),1.159,11,m,69.54,B-,99.84,0.04,1-Jun-2006,E. BROWNE and  J. K. TULI,2024-04-27,ENSDF
74,Pa-234m,51,0,1120.6,0.8,0.00172,0.00014,73.92,(0-),1.159,11,m,69.54,B-,99.84,0.04,1-Jun-2006,E. BROWNE and  J. K. TULI,2024-04-27,ENSDF
75,Pa-234m,52,0,1124.93,0.1,0.00303,9e-05,73.92,(0-),1.159,11,m,69.54,B-,99.84,0.04,1-Jun-2006,E. BROWNE and  J. K. TULI,2024-04-27,ENSDF
76,Pa-234m,53,0,1174.2,1.0,0.00194,0.00017,73.92,(0-),1.159,11,m,69.54,B-,99.84,0.04,1-Jun-2006,E. BROWNE and  J. K. TULI,2024-04-27,ENSDF
77,Pa-234m,54,0,1193.73,0.12,0.01358,0.00016,73.92,(0-),1.159,11,m,69.54,B-,99.84,0.04,1-Jun-2006,E. BROWNE and  J. K. TULI,2024-04-27,ENSDF
78,Pa-234m,55,0,1237.26,0.1,0.00525,0.00011,73.92,(0-),1.159,11,m,69.54,B-,99.84,0.04,1-Jun-2006,E. BROWNE and  J. K. TULI,2024-04-27,ENSDF
79,Pa-234m,56,0,1353.0,1.5,0.00109,8e-05,73.92,(0-),1.159,11,m,69.54,B-,99.84,0.04,1-Jun-2006,E. BROWNE and  J. K. TULI,2024-04-27,ENSDF
80,Pa-234m,57,0,1392.7,1.0,0.00346,0.0002,73.92,(0-),1.159,11,m,69.54,B-,99.84,0.04,1-Jun-2006,E. BROWNE and  J. K. TULI,2024-04-27,ENSDF
81,Pa-234m,58,0,1413.88,0.1,0.00226,7e-05,73.92,(0-),1.159,11,m,69.54,B-,99.84,0.04,1-Jun-2006,E. BROWNE and  J. K. TULI,2024-04-27,ENSDF
82,Pa-234m,59,0,1434.14,0.1,0.00973,0.00021,73.92,(0-),1.159,11,m,69.54,B-,99.84,0.04,1-Jun-2006,E. BROWNE and  J. K. TULI,2024-04-27,ENSDF
83,Pa-234m,60,0,1458.5,1.5,0.0019,0.0004,73.92,(0-),1.159,11,m,69.54,B-,99.84,0.04,1-Jun-2006,E. BROWNE and  J. K. TULI,2024-04-27,ENSDF
84,Pa-234m,61,0,1510.21,0.1,0.01305,0.00021,73.92,(0-),1.159,11,m,69.54,B-,99.84,0.04,1-Jun-2006,E. BROWNE and  J. K. TULI,2024-04-27,ENSDF
85,Pa-234m,62,0,1527.27,0.1,0.00201,8e-05,73.92,(0-),1.159,11,m,69.54,B-,99.84,0.04,1-Jun-2006,E. BROWNE and  J. K. TULI,2024-04-27,ENSDF
86,Pa-234m,63,0,1550.0,1.0,0.00114,7e-05,73.92,(0-),1.159,11,m,69.54,B-,99.84,0.04,1-Jun-2006,E. BROWNE and  J. K. TULI,2024-04-27,ENSDF
87,Pa-234m,64,0,1553.75,0.1,0.00821,0.00012,73.92,(0-),1.159,11,m,69.54,B-,99.84,0.04,1-Jun-2006,E. BROWNE and  J. K. TULI,2024-04-27,ENSDF
88,Pa-234m,65,0,1570.67,0.1,0.00109,8e-05,73.92,(0-),1.159,11,m,69.54,B-,99.84,0.04,1-Jun-2006,E. BROWNE and  J. K. TULI,2024-04-27,ENSDF
89,Pa-234m,66,0,1593.87,0.1,0.00189,6e-05,73.92,(0-),1.159,11,m,69.54,B-,99.84,0.04,1-Jun-2006,E. BROWNE and  J. K. TULI,2024-04-27,ENSDF
90,Pa-234m,67,0,1667.6,1.0,0.00115,7e-05,73.92,(0-),1.159,11,m,69.54,B-,99.84,0.04,1-Jun-2006,E. BROWNE and  J. K. TULI,2024-04-27,ENSDF
91,Pa-234m,68,0,1732.2,1.5,0.0019,0.0003,73.92,(0-),1.159,11,m,69.54,B-,99.84,0.04,1-Jun-2006,E. BROWNE and  J. K. TULI,2024-04-27,ENSDF
92,Pa-234m,69,0,1737.75,0.1,0.0213,0.0003,73.92,(0-),1.159,11,m,69.54,B-,99.84,0.04,1-Jun-2006,E. BROWNE and  J. K. TULI,2024-04-27,ENSDF
93,Pa-234m,70,0,1759.81,0.1,0.00146,5e-05,73.92,(0-),1.159,11,m,69.54,B-,99.84,0.04,1-Jun-2006,E. BROWNE and  J. K. TULI,2024-04-27,ENSDF
94,Pa-234m,71,0,1765.44,0.1,0.00875,0.00012,73.92,(0-),1.159,11,m,69.54,B-,99.84,0.04,1-Jun-2006,E. BROWNE and  J. K. TULI,2024-04-27,ENSDF
95,Pa-234m,72,0,1809.04,0.1,0.00374,8e-05,73.92,(0-),1.159,11,m,69.54,B-,99.84,0.04,1-Jun-2006,E. BROWNE and  J. K. TULI,2024-04-27,ENSDF
96,Pa-234m,73,0,1831.36,0.1,0.01742,0.00024,73.92,(0-),1.159,11,m,69.54,B-,99.84,0.04,1-Jun-2006,E. BROWNE and  J. K. TULI,2024-04-27,ENSDF
97,Pa-234m,74,0,1863.09,0.1,0.00121,9e-05,73.92,(0-),1.159,11,m,69.54,B-,99.84,0.04,1-Jun-2006,E. BROWNE and  J. K. TULI,2024-04-27,ENSDF
98,Pa-234m,75,0,1867.69,0.1,0.00926,0.00012,73.92,(0-),1.159,11,m,69.54,B-,99.84,0.04,1-Jun-2006,E. BROWNE and  J. K. TULI,2024-04-27,ENSDF
99,Pa-234m,76,0,1874.88,0.1,0.00818,0.00012,73.92,(0-),1.159,11,m,69.54,B-,99.84,0.04,1-Jun-2006,E. BROWNE and  J. K. TULI,2024-04-27,ENSDF
100,Pa-234m,77,0,1893.51,0.11,0.00189,5e-05,73.92,(0-),1.159,11,m,69.54,B-,99.84,0.04,1-Jun-2006,E. BROWNE and  J. K. TULI,2024-04-27,ENSDF
101,Pa-234m,78,0,1911.19,0.11,0.00624,9e-05,73.92,(0-),1.159,11,m,69.54,B-,99.84,0.04,1-Jun-2006,E. BROWNE and  J. K. TULI,2024-04-27,ENSDF
102,Pa-234m,79,0,1937.04,0.13,0.0021,7e-05,73.92,(0-),1.159,11,m,69.54,B-,99.84,0.04,1-Jun-2006,E. BROWNE and  J. K. TULI,2024-04-27,ENSDF
103,Pa-234m,80,0,16.228,,0.05403136,0.0136540701267863,73.92,(0-),1.159,11,m,69.54,IT,0.16,0.04,1-Jun-2006,E. BROWNE and  J. K. TULI,2024-04-27,ENSDF
104,Pa-234m,81,0,16.678,,0.013440056954692,0.0013020043114394,73.92,(0-),1.159,11,m,69.54,B-,99.84,0.04,1-Jun-2006,E. BROWNE and  J. K. TULI,2024-04-27,ENSDF
105,Pa-234m,82,0,94.657,,0.0067779150274623,0.000851547700578,73.92,(0-),1.159,11,m,69.54,B-,99.84,0.04,1-Jun-2006,E. BROWNE and  J. K. TULI,2024-04-27,ENSDF
106,Pa-234m,83,0,98.439,,0.0108498719824914,0.001362438905798,73.92,(0-),1.159,11,m,69.54,B-,99.84,0.04,1-Jun-2006,E. BROWNE and  J. K. TULI,2024-04-27,ENSDF
107,Pa-234m,84,0,111.238,,0.0039143670111521,0.0004960806828743,73.92,(0-),1.159,11,m,69.54,B-,99.84,0.04,1-Jun-2006,E. BROWNE and  J. K. TULI,2024-04-27,ENSDF
108,Pa-234m,85,0,112.645,,0.0052530805289662,0.0006654525219103,73.92,(0-),1.159,11,m,69.54,B-,99.84,0.04,1-Jun-2006,E. BROWNE and  J. K. TULI,2024-04-27,ENSDF
109,Pa-234m,86,0,114.446,,0.001338713517814,0.0001707847604695,73.92,(0-),1.159,11,m,69.54,B-,99.84,0.04,1-Jun-2006,E. BROWNE and  J. K. TULI,2024-04-27,ENSDF
110,U-234,1,1,53.2,0.02,0.123,0.002,0.0,0+,245500.0,6,Y,7747225326762.336,A,100.0,,1-May-2012,E. BROWNE and  J. K. TULI,2024-04-27,ENSDF
111,U-234,2,0,120.9,0.02,0.0342,0.0005,0.0,0+,245500.0,6,Y,7747225326762.336,A,100.0,,1-May-2012,E. BROWNE and  J. K. TULI,2024-04-27,ENSDF
112,U-234,3,0,15.784,,9.989616344671614,,0.0,0+,245500.0,6,Y,7747225326762.336,A,100.0,,1-May-2012,E. BROWNE and  J. K. TULI,2024-04-27,ENSDF
113,U-234,4,0,89.954,,0.002553812998676,,0.0,0+,245500.0,6,Y,7747225326762.336,A,100.0,,1-May-2012,E. BROWNE and  J. K. TULI,2024-04-27,ENSDF
114,U-234,5,0,93.347,,0.0041310465847234,,0.0,0+,245500.0,6,Y,7747225326762.336,A,100.0,,1-May-2012,E. BROWNE and  J. K. TULI,2024-04-27,ENSDF
115,U-234,6,0,105.566,,0.0014699691230512,,0.0,0+,245500.0,6,Y,7747225326762.336,A,100.0,,1-May-2012,E. BROWNE and  J. K. TULI,2024-04-27,ENSDF
116,U-234,7,0,106.894,,0.0019653487175194,,0.0,0+,245500.0,6,Y,7747225326762.336,A,100.0,,1-May-2012,E. BROWNE and  J. K. TULI,2024-04-27,ENSDF
117,Th-230,1,1,67.672,0.002,0.37673,0.03083388558064,0.0,0+,75400.0,3,Y,2379392218484.237,A,100.0,,1-Feb-1996,Y. A. AKOVALI,2024-04-27,ENSDF
118,Th-230,2,0,143.872,0.004,0.048783,0.0036518061284794,0.0,0+,75400.0,3,Y,2379392218484.237,A,100.0,,1-Feb-1996,Y. A. AKOVALI,2024-04-27,ENSDF
119,Th-230,3,0,186.053,0.004,0.008787,0.0006600757532283,0.0,0+,75400.0,3,Y,2379392218484.237,A,100.0,,1-Feb-1996,Y. A. AKOVALI,2024-04-27,ENSDF
120,Th-230,4,0,253.729,0.01,0.01111,0.0008310385069297,0.0,0+,75400.0,3,Y,2379392218484.237,A,100.0,,1-Feb-1996,Y. A. AKOVALI,2024-04-27,ENSDF
121,Th-230,5,0,14.92,,7.731809660327399,0.7094056020171331,0.0,0+,75400.0,3,Y,2379392218484.237,A,100.0,,1-Feb-1996,Y. A. AKOVALI,2024-04-27,ENSDF
122,Th-230,6,0,85.432,,0.0042581319120655,0.0002986615825371,0.0,0+,75400.0,3,Y,2379392218484.237,A,100.0,,1-Feb-1996,Y. A. AKOVALI,2024-04-27,ENSDF
123,Th-230,7,0,88.471,,0.0069554588566898,0.0004870221377401,0.0,0+,75400.0,3,Y,2379392218484.237,A,100.0,,1-Feb-1996,Y. A. AKOVALI,2024-04-27,ENSDF
124,Th-230,8,0,100.119,,0.0024403070272366,0.0001743779671691,0.0,0+,75400.0,3,Y,2379392218484.237,A,100.0,,1-Feb-1996,Y. A. AKOVALI,2024-04-27,ENSDF
125,Th-230,9,0,101.37,,0.0032407277321702,0.000231252270071,0.0,0+,75400.0,3,Y,2379392218484.237,A,100.0,,1-Feb-1996,Y. A. AKOVALI,2024-04-27,ENSDF
126,Ra-226,1,1,186.211,0.013,3.565,0.029,0.0,0+,1600.0,7,Y,50491081559.3472,A,100.0,,25-Sep-2023,Balraj Singh and  M.S. Basunia and  Jun Chen et al. and ,2024-04-27,ENSDF
127,Ra-226,2,0,262.27,0.05,0.005,0.0005,0.0,0+,1600.0,7,Y,50491081559.3472,A,100.0,,25-Sep-2023,Balraj Singh and  M.S. Basunia and  Jun Chen et al. and ,2024-04-27,ENSDF
128,Ra-226,3,0,14.088,,0.782875307941856,,0.0,0+,1600.0,7,Y,50491081559.3472,A,100.0,,25-Sep-2023,Balraj Singh and  M.S. Basunia and  Jun Chen et al. and ,2024-04-27,ENSDF
129,Ra-226,4,0,81.07,,0.1926117767006508,0.00341180044589,0.0,0+,1600.0,7,Y,50491081559.3472,A,100.0,,25-Sep-2023,Balraj Singh and  M.S. Basunia and  Jun Chen et al. and ,2024-04-27,ENSDF
130,Ra-226,5,0,83.789,,0.317736352195069,0.0054735109231855,0.0,0+,1600.0,7,Y,50491081559.3472,A,100.0,,25-Sep-2023,Balraj Singh and  M.S. Basunia and  Jun Chen et al. and ,2024-04-27,ENSDF
131,Ra-226,6,0,94.878,,0.1101888005570304,0.0024778131889653,0.0,0+,1600.0,7,Y,50491081559.3472,A,100.0,,25-Sep-2023,Balraj Singh and  M.S. Basunia and  Jun Chen et al. and ,2024-04-27,ENSDF
132,Ra-226,7,0,96.054,,0.1454492167352801,0.0032239768783984,0.0,0+,1600.0,7,Y,50491081559.3472,A,100.0,,25-Sep-2023,Balraj Singh and  M.S. Basunia and  Jun Chen et al. and ,2024-04-27,ENSDF
133,Ra-226,8,0,97.53,,0.0352604161782497,0.0009655206128429,0.0,0+,1600.0,7,Y,50491081559.3472,A,100.0,,25-Sep-2023,Balraj Singh and  M.S. Basunia and  Jun Chen et al. and ,2024-04-27,ENSDF
134,Rn-222,1,1,510.0,2.0,0.076,0.001,0.0,0+,3.8222,9,d,330238.08,A,100.0,,30-Oct-2019,Balraj Singh and  M.S. Basunia and  Murray Martin et al. and ,2024-04-27,ENSDF
135,Pb-214,1,0,53.2256,0.0016,1.073529,0.0109599429670048,0.0,0+,27.06,7,m,1623.6,B-,100.0,,1-May-2021,Shaofei Zhu and E. A. McCutchan,2024-04-27,ENSDF
136,Pb-214,2,0,107.22,0.09,0.0068175,0.0013637978222595,0.0,0+,27.06,7,m,1623.6,B-,100.0,,1-May-2021,Shaofei Zhu and E. A. McCutchan,2024-04-27,ENSDF
137,Pb-214,3,0,137.5,0.3,0.05454,0.0136369061373905,0.0,0+,27.06,7,m,1623.6,B-,100.0,,1-May-2021,Shaofei Zhu and E. A. McCutchan,2024-04-27,ENSDF
138,Pb-214,4,0,141.3,0.6,0.02727,0.0136354765593286,0.0,0+,27.06,7,m,1623.6,B-,100.0,,1-May-2021,Shaofei Zhu and E. A. McCutchan,2024-04-27,ENSDF
139,Pb-214,5,0,170.07,0.06,0.014544,0.0027276777009023,0.0,0+,27.06,7,m,1623.6,B-,100.0,,1-May-2021,Shaofei Zhu and E. A. McCutchan,2024-04-27,ENSDF
140,Pb-214,6,0,196.2,0.05,0.068175,0.0090944667243329,0.0,0+,27.06,7,m,1623.6,B-,100.0,,1-May-2021,Shaofei Zhu and E. A. McCutchan,2024-04-27,ENSDF
141,Pb-214,7,0,205.68,0.09,0.0113625,0.0013643271235301,0.0,0+,27.06,7,m,1623.6,B-,100.0,,1-May-2021,Shaofei Zhu and E. A. McCutchan,2024-04-27,ENSDF
142,Pb-214,8,0,216.47,0.07,0.009999,0.0022728843987321,0.0,0+,27.06,7,m,1623.6,B-,100.0,,1-May-2021,Shaofei Zhu and E. A. McCutchan,2024-04-27,ENSDF
143,Pb-214,9,0,241.995,0.004,7.26291,0.0379246182446178,0.0,0+,27.06,7,m,1623.6,B-,100.0,,1-May-2021,Shaofei Zhu and E. A. McCutchan,2024-04-27,ENSDF
144,Pb-214,10,0,258.86,0.04,0.5313105,0.0046546187233757,0.0,0+,27.06,7,m,1623.6,B-,100.0,,1-May-2021,Shaofei Zhu and E. A. McCutchan,2024-04-27,ENSDF
145,Pb-214,11,0,274.8,0.05,0.3358755,0.0083006179173601,0.0,0+,27.06,7,m,1623.6,B-,100.0,,1-May-2021,Shaofei Zhu and E. A. McCutchan,2024-04-27,ENSDF
146,Pb-214,12,0,295.224,0.002,18.47088,0.1124952743718597,0.0,0+,27.06,7,m,1623.6,B-,100.0,,1-May-2021,Shaofei Zhu and E. A. McCutchan,2024-04-27,ENSDF
147,Pb-214,13,0,305.26,0.03,0.031815,0.0022763886421259,0.0,0+,27.06,7,m,1623.6,B-,100.0,,1-May-2021,Shaofei Zhu and E. A. McCutchan,2024-04-27,ENSDF
148,Pb-214,14,0,314.32,0.07,0.074538,0.009095339166848,0.0,0+,27.06,7,m,1623.6,B-,100.0,,1-May-2021,Shaofei Zhu and E. A. McCutchan,2024-04-27,ENSDF
149,Pb-214,15,0,323.83,0.04,0.0286335,0.0036379697758502,0.0,0+,27.06,7,m,1623.6,B-,100.0,,1-May-2021,Shaofei Zhu and E. A. McCutchan,2024-04-27,ENSDF
150,Pb-214,16,1,351.932,0.0021,35.7237,0.2352736185805795,0.0,0+,27.06,7,m,1623.6,B-,100.0,,1-May-2021,Shaofei Zhu and E. A. McCutchan,2024-04-27,ENSDF
151,Pb-214,17,0,462.01,0.07,0.2122515,0.0064245677123056,0.0,0+,27.06,7,m,1623.6,B-,100.0,,1-May-2021,Shaofei Zhu and E. A. McCutchan,2024-04-27,ENSDF
152,Pb-214,18,0,470.6,0.8,0.010908,0.0027273812274781,0.0,0+,27.06,7,m,1623.6,B-,100.0,,1-May-2021,Shaofei Zhu and E. A. McCutchan,2024-04-27,ENSDF
153,Pb-214,19,0,480.43,0.02,0.3367845,0.0047580676130126,0.0,0+,27.06,7,m,1623.6,B-,100.0,,1-May-2021,Shaofei Zhu and E. A. McCutchan,2024-04-27,ENSDF
154,Pb-214,20,0,487.11,0.07,0.432684,0.0057461181192175,0.0,0+,27.06,7,m,1623.6,B-,100.0,,1-May-2021,Shaofei Zhu and E. A. McCutchan,2024-04-27,ENSDF
155,Pb-214,21,0,511.0,0.09,0.0149985,0.0040909805108311,0.0,0+,27.06,7,m,1623.6,B-,100.0,,1-May-2021,Shaofei Zhu and E. A. McCutchan,2024-04-27,ENSDF
156,Pb-214,22,0,533.66,0.02,0.1804365,0.0091212427053554,0.0,0+,27.06,7,m,1623.6,B-,100.0,,1-May-2021,Shaofei Zhu and E. A. McCutchan,2024-04-27,ENSDF
157,Pb-214,23,0,538.43,0.08,0.019089,0.0027281673409085,0.0,0+,27.06,7,m,1623.6,B-,100.0,,1-May-2021,Shaofei Zhu and E. A. McCutchan,2024-04-27,ENSDF
158,Pb-214,24,0,543.82,0.07,0.049995,0.0090924023778097,0.0,0+,27.06,7,m,1623.6,B-,100.0,,1-May-2021,Shaofei Zhu and E. A. McCutchan,2024-04-27,ENSDF
159,Pb-214,25,0,580.13,0.03,0.3685995,0.0056674940502836,0.0,0+,27.06,7,m,1623.6,B-,100.0,,1-May-2021,Shaofei Zhu and E. A. McCutchan,2024-04-27,ENSDF
160,Pb-214,26,0,766.0,0.2,0.05454,0.0090928589563459,0.0,0+,27.06,7,m,1623.6,B-,100.0,,1-May-2021,Shaofei Zhu and E. A. McCutchan,2024-04-27,ENSDF
161,Pb-214,27,0,785.96,0.09,1.058985,0.0773917214823394,0.0,0+,27.06,7,m,1623.6,B-,100.0,,1-May-2021,Shaofei Zhu and E. A. McCutchan,2024-04-27,ENSDF
162,Pb-214,28,0,839.06,0.09,0.580851,0.0107318133365242,0.0,0+,27.06,7,m,1623.6,B-,100.0,,1-May-2021,Shaofei Zhu and E. A. McCutchan,2024-04-27,ENSDF
163,Pb-214,29,0,12.904,,11.137483074964427,0.5069241425257713,0.0,0+,27.06,7,m,1623.6,B-,100.0,,1-May-2021,Shaofei Zhu and E. A. McCutchan,2024-04-27,ENSDF
164,Pb-214,30,0,74.815,,5.2212476874370175,0.1699126865993954,0.0,0+,27.06,7,m,1623.6,B-,100.0,,1-May-2021,Shaofei Zhu and E. A. McCutchan,2024-04-27,ENSDF
165,Pb-214,31,0,77.108,,8.735565814684653,0.2819196279505763,0.0,0+,27.06,7,m,1623.6,B-,100.0,,1-May-2021,Shaofei Zhu and E. A. McCutchan,2024-04-27,ENSDF
166,Pb-214,32,0,87.388,,2.992272420056713,0.106122902763608,0.0,0+,27.06,7,m,1623.6,B-,100.0,,1-May-2021,Shaofei Zhu and E. A. McCutchan,2024-04-27,ENSDF
167,Pb-214,33,0,88.458,,3.9079077805940674,0.1377866122235664,0.0,0+,27.06,7,m,1623.6,B-,100.0,,1-May-2021,Shaofei Zhu and E. A. McCutchan,2024-04-27,ENSDF
168,Pb-214,34,0,89.784,,0.9156353605373544,0.0357544065590335,0.0,0+,27.06,7,m,1623.6,B-,100.0,,1-May-2021,Shaofei Zhu and E. A. McCutchan,2024-04-27,ENSDF
169,Bi-214,1,0,221.5,0.2,0.0027,0.0009,0.0,1-,19.71,2,m,1182.6,B-,99.979,0.0013,1-May-2021,Shaofei Zhu and E. A. McCutchan,2024-04-27,ENSDF
170,Bi-214,2,0,230.0,1.0,0.0029,0.001,0.0,1-,19.71,2,m,1182.6,B-,99.979,0.0013,1-May-2021,Shaofei Zhu and E. A. McCutchan,2024-04-27,ENSDF
171,Bi-214,3,0,252.79,0.06,0.0123,0.0018,0.0,1-,19.71,2,m,1182.6,B-,99.979,0.0013,1-May-2021,Shaofei Zhu and E. A. McCutchan,2024-04-27,ENSDF
172,Bi-214,4,0,268.6,0.06,0.0159,0.0018,0.0,1-,19.71,2,m,1182.6,B-,99.979,0.0013,1-May-2021,Shaofei Zhu and E. A. McCutchan,2024-04-27,ENSDF
173,Bi-214,5,0,273.79,0.05,0.127,0.014,0.0,1-,19.71,2,m,1182.6,B-,99.979,0.0013,1-May-2021,Shaofei Zhu and E. A. McCutchan,2024-04-27,ENSDF
174,Bi-214,6,0,280.97,0.05,0.064,0.009,0.0,1-,19.71,2,m,1182.6,B-,99.979,0.0013,1-May-2021,Shaofei Zhu and E. A. McCutchan,2024-04-27,ENSDF
175,Bi-214,7,0,282.0,0.4,0.01,0.004,0.0,1-,19.71,2,m,1182.6,B-,99.979,0.0013,1-May-2021,Shaofei Zhu and E. A. McCutchan,2024-04-27,ENSDF
176,Bi-214,8,0,286.9,0.6,0.0027,0.0005,0.0,1-,19.71,2,m,1182.6,B-,99.979,0.0013,1-May-2021,Shaofei Zhu and E. A. McCutchan,2024-04-27,ENSDF
177,Bi-214,9,0,304.0,0.04,0.0259,0.0023,0.0,1-,19.71,2,m,1182.6,B-,99.979,0.0013,1-May-2021,Shaofei Zhu and E. A. McCutchan,2024-04-27,ENSDF
178,Bi-214,10,0,304.43,0.12,0.034,0.011,0.0,1-,19.71,2,m,1182.6,B-,99.979,0.0013,1-May-2021,Shaofei Zhu and E. A. McCutchan,2024-04-27,ENSDF
179,Bi-214,11,0,333.37,0.08,0.064,0.005,0.0,1-,19.71,2,m,1182.6,B-,99.979,0.0013,1-May-2021,Shaofei Zhu and E. A. McCutchan,2024-04-27,ENSDF
180,Bi-214,12,0,334.8,0.08,0.032,0.004,0.0,1-,19.71,2,m,1182.6,B-,99.979,0.0013,1-May-2021,Shaofei Zhu and E. A. McCutchan,2024-04-27,ENSDF
181,Bi-214,13,0,334.9,0.5,0.055,0.009,0.0,1-,19.71,2,m,1182.6,B-,99.979,0.0013,1-May-2021,Shaofei Zhu and E. A. McCutchan,2024-04-27,ENSDF
182,Bi-214,14,0,338.5,0.6,0.11,0.04,0.0,1-,19.71,2,m,1182.6,B-,99.979,0.0013,1-May-2021,Shaofei Zhu and E. A. McCutchan,2024-04-27,ENSDF
183,Bi-214,15,0,348.92,0.06,0.105,0.023,0.0,1-,19.71,2,m,1182.6,B-,99.979,0.0013,1-May-2021,Shaofei Zhu and E. A. McCutchan,2024-04-27,ENSDF
184,Bi-214,16,0,351.9,0.5,0.068,0.009,0.0,1-,19.71,2,m,1182.6,B-,99.979,0.0013,1-May-2021,Shaofei Zhu and E. A. McCutchan,2024-04-27,ENSDF
185,Bi-214,17,0,356.05,0.16,0.0068,0.0018,0.0,1-,19.71,2,m,1182.6,B-,99.979,0.0013,1-May-2021,Shaofei Zhu and E. A. McCutchan,2024-04-27,ENSDF
186,Bi-214,18,0,363.5,0.14,0.0077,0.0023,0.0,1-,19.71,2,m,1182.6,B-,99.979,0.0013,1-May-2021,Shaofei Zhu and E. A. McCutchan,2024-04-27,ENSDF
187,Bi-214,19,0,375.65,0.24,0.0041,0.0014,0.0,1-,19.71,2,m,1182.6,B-,99.979,0.0013,1-May-2021,Shaofei Zhu and E. A. McCutchan,2024-04-27,ENSDF
188,Bi-214,20,0,386.77,0.05,0.295,0.018,0.0,1-,19.71,2,m,1182.6,B-,99.979,0.0013,1-May-2021,Shaofei Zhu and E. A. McCutchan,2024-04-27,ENSDF
189,Bi-214,21,0,388.89,0.05,0.386,0.005,0.0,1-,19.71,2,m,1182.6,B-,99.979,0.0013,1-May-2021,Shaofei Zhu and E. A. McCutchan,2024-04-27,ENSDF
190,Bi-214,22,0,394.04,0.08,0.0132,0.0014,0.0,1-,19.71,2,m,1182.6,B-,99.979,0.0013,1-May-2021,Shaofei Zhu and E. A. McCutchan,2024-04-27,ENSDF
191,Bi-214,23,0,396.02,0.06,0.027,0.003,0.0,1-,19.71,2,m,1182.6,B-,99.979,0.0013,1-May-2021,Shaofei Zhu and E. A. McCutchan,2024-04-27,ENSDF
192,Bi-214,24,0,405.72,0.02,0.168,0.009,0.0,1-,19.71,2,m,1182.6,B-,99.979,0.0013,1-May-2021,Shaofei Zhu and E. A. McCutchan,2024-04-27,ENSDF
193,Bi-214,25,0,426.5,0.5,0.012,0.004,0.0,1-,19.71,2,m,1182.6,B-,99.979,0.0013,1-May-2021,Shaofei Zhu and E. A. McCutchan,2024-04-27,ENSDF
194,Bi-214,26,0,428.07,0.08,0.0114,0.0014,0.0,1-,19.71,2,m,1182.6,B-,99.979,0.0013,1-May-2021,Shaofei Zhu and E. A. McCutchan,2024-04-27,ENSDF
195,Bi-214,27,0,439.36,0.09,0.0114,0.0023,0.0,1-,19.71,2,m,1182.6,B-,99.979,0.0013,1-May-2021,Shaofei Zhu and E. A. McCutchan,2024-04-27,ENSDF
196,Bi-214,28,0,452.91,0.09,0.03,0.004,0.0,1-,19.71,2,m,1182.6,B-,99.979,0.0013,1-May-2021,Shaofei Zhu and E. A. McCutchan,2024-04-27,ENSDF
197,Bi-214,29,0,454.8,0.03,0.291,0.014,0.0,1-,19.71,2,m,1182.6,B-,99.979,0.0013,1-May-2021,Shaofei Zhu and E. A. McCutchan,2024-04-27,ENSDF
198,Bi-214,30,0,461.06,0.11,0.043,0.006,0.0,1-,19.71,2,m,1182.6,B-,99.979,0.0013,1-May-2021,Shaofei Zhu and E. A. McCutchan,2024-04-27,ENSDF
199,Bi-214,31,0,469.76,0.04,0.132,0.008,0.0,1-,19.71,2,m,1182.6,B-,99.979,0.0013,1-May-2021,Shaofei Zhu and E. A. McCutchan,2024-04-27,ENSDF
200,Bi-214,32,0,474.43,0.05,0.097,0.009,0.0,1-,19.71,2,m,1182.6,B-,99.979,0.0013,1-May-2021,Shaofei Zhu and E. A. McCutchan,2024-04-27,ENSDF
201,Bi-214,33,0,485.93,0.11,0.023,0.004,0.0,1-,19.71,2,m,1182.6,B-,99.979,0.0013,1-May-2021,Shaofei Zhu and E. A. McCutchan,2024-04-27,ENSDF
202,Bi-214,34,0,486.6,0.3,0.022,0.009,0.0,1-,19.71,2,m,1182.6,B-,99.979,0.0013,1-May-2021,Shaofei Zhu and E. A. McCutchan,2024-04-27,ENSDF
203,Bi-214,35,0,487.7,0.3,0.028,0.009,0.0,1-,19.71,2,m,1182.6,B-,99.979,0.0013,1-May-2021,Shaofei Zhu and E. A. McCutchan,2024-04-27,ENSDF
204,Bi-214,36,0,494.21,0.09,0.0109,0.0014,0.0,1-,19.71,2,m,1182.6,B-,99.979,0.0013,1-May-2021,Shaofei Zhu and E. A. McCutchan,2024-04-27,ENSDF
205,Bi-214,37,0,496.89,0.18,0.0068,0.0018,0.0,1-,19.71,2,m,1182.6,B-,99.979,0.0013,1-May-2021,Shaofei Zhu and E. A. McCutchan,2024-04-27,ENSDF
206,Bi-214,38,0,501.97,0.12,0.0182,0.0023,0.0,1-,19.71,2,m,1182.6,B-,99.979,0.0013,1-May-2021,Shaofei Zhu and E. A. McCutchan,2024-04-27,ENSDF
207,Bi-214,39,0,519.9,0.05,0.0164,0.0018,0.0,1-,19.71,2,m,1182.6,B-,99.979,0.0013,1-May-2021,Shaofei Zhu and E. A. McCutchan,2024-04-27,ENSDF
208,Bi-214,40,0,524.6,0.07,0.0168,0.0018,0.0,1-,19.71,2,m,1182.6,B-,99.979,0.0013,1-May-2021,Shaofei Zhu and E. A. McCutchan,2024-04-27,ENSDF
209,Bi-214,41,0,528.3,0.08,0.007,0.003,0.0,1-,19.71,2,m,1182.6,B-,99.979,0.0013,1-May-2021,Shaofei Zhu and E. A. McCutchan,2024-04-27,ENSDF
210,Bi-214,42,0,536.78,0.04,0.065,0.009,0.0,1-,19.71,2,m,1182.6,B-,99.979,0.0013,1-May-2021,Shaofei Zhu and E. A. McCutchan,2024-04-27,ENSDF
211,Bi-214,43,0,542.81,0.07,0.073,0.01,0.0,1-,19.71,2,m,1182.6,B-,99.979,0.0013,1-May-2021,Shaofei Zhu and E. A. McCutchan,2024-04-27,ENSDF
212,Bi-214,44,0,547.21,0.17,0.034,0.003,0.0,1-,19.71,2,m,1182.6,B-,99.979,0.0013,1-May-2021,Shaofei Zhu and E. A. McCutchan,2024-04-27,ENSDF
213,Bi-214,45,0,572.77,0.07,0.078,0.006,0.0,1-,19.71,2,m,1182.6,B-,99.979,0.0013,1-May-2021,Shaofei Zhu and E. A. McCutchan,2024-04-27,ENSDF
214,Bi-214,46,0,595.24,0.07,0.0173,0.0014,0.0,1-,19.71,2,m,1182.6,B-,99.979,0.0013,1-May-2021,Shaofei Zhu and E. A. McCutchan,2024-04-27,ENSDF
215,Bi-214,47,0,600.0,0.5,0.008,0.003,0.0,1-,19.71,2,m,1182.6,B-,99.979,0.0013,1-May-2021,Shaofei Zhu and E. A. McCutchan,2024-04-27,ENSDF
216,Bi-214,48,1,609.321,0.007,45.44,0.19,0.0,1-,19.71,2,m,1182.6,B-,99.979,0.0013,1-May-2021,Shaofei Zhu and E. A. McCutchan,2024-04-27,ENSDF
217,Bi-214,49,0,615.76,0.06,0.055,0.009,0.0,1-,19.71,2,m,1182.6,B-,99.979,0.0013,1-May-2021,Shaofei Zhu and E. A. McCutchan,2024-04-27,ENSDF
218,Bi-214,50,0,617.02,0.13,0.027,0.003,0.0,1-,19.71,2,m,1182.6,B-,99.979,0.0013,1-May-2021,Shaofei Zhu and E. A. McCutchan,2024-04-27,ENSDF
219,Bi-214,51,0,626.4,0.6,0.0041,0.0014,0.0,1-,19.71,2,m,1182.6,B-,99.979,0.0013,1-May-2021,Shaofei Zhu and E. A. McCutchan,2024-04-27,ENSDF
220,Bi-214,52,0,630.81,0.07,0.0164,0.0018,0.0,1-,19.71,2,m,1182.6,B-,99.979,0.0013,1-May-2021,Shaofei Zhu and E. A. McCutchan,2024-04-27,ENSDF
221,Bi-214,53,0,631.2,0.4,0.0177,0.0023,0.0,1-,19.71,2,m,1182.6,B-,99.979,0.0013,1-May-2021,Shaofei Zhu and E. A. McCutchan,2024-04-27,ENSDF
222,Bi-214,54,0,633.09,0.05,0.055,0.005,0.0,1-,19.71,2,m,1182.6,B-,99.979,0.0013,1-May-2021,Shaofei Zhu and E. A. McCutchan,2024-04-27,ENSDF
223,Bi-214,55,0,634.77,0.16,0.0064,0.0023,0.0,1-,19.71,2,m,1182.6,B-,99.979,0.0013,1-May-2021,Shaofei Zhu and E. A. McCutchan,2024-04-27,ENSDF
224,Bi-214,56,0,639.61,0.1,0.032,0.005,0.0,1-,19.71,2,m,1182.6,B-,99.979,0.0013,1-May-2021,Shaofei Zhu and E. A. McCutchan,2024-04-27,ENSDF
225,Bi-214,57,0,649.2,0.05,0.055,0.007,0.0,1-,19.71,2,m,1182.6,B-,99.979,0.0013,1-May-2021,Shaofei Zhu and E. A. McCutchan,2024-04-27,ENSDF
226,Bi-214,58,0,651.5,0.16,0.001818,8e-06,0.0,1-,19.71,2,m,1182.6,B-,99.979,0.0013,1-May-2021,Shaofei Zhu and E. A. McCutchan,2024-04-27,ENSDF
227,Bi-214,59,0,658.76,0.21,0.014,0.003,0.0,1-,19.71,2,m,1182.6,B-,99.979,0.0013,1-May-2021,Shaofei Zhu and E. A. McCutchan,2024-04-27,ENSDF
228,Bi-214,60,0,660.87,0.14,0.047,0.005,0.0,1-,19.71,2,m,1182.6,B-,99.979,0.0013,1-May-2021,Shaofei Zhu and E. A. McCutchan,2024-04-27,ENSDF
229,Bi-214,61,0,665.446,0.009,1.54,0.011,0.0,1-,19.71,2,m,1182.6,B-,99.979,0.0013,1-May-2021,Shaofei Zhu and E. A. McCutchan,2024-04-27,ENSDF
230,Bi-214,62,0,677.41,0.15,0.0055,0.0023,0.0,1-,19.71,2,m,1182.6,B-,99.979,0.0013,1-May-2021,Shaofei Zhu and E. A. McCutchan,2024-04-27,ENSDF
231,Bi-214,63,0,683.21,0.06,0.082,0.009,0.0,1-,19.71,2,m,1182.6,B-,99.979,0.0013,1-May-2021,Shaofei Zhu and E. A. McCutchan,2024-04-27,ENSDF
232,Bi-214,64,0,687.56,0.21,0.0068,0.0018,0.0,1-,19.71,2,m,1182.6,B-,99.979,0.0013,1-May-2021,Shaofei Zhu and E. A. McCutchan,2024-04-27,ENSDF
233,Bi-214,65,0,693.1,0.2,0.0055,0.0018,0.0,1-,19.71,2,m,1182.6,B-,99.979,0.0013,1-May-2021,Shaofei Zhu and E. A. McCutchan,2024-04-27,ENSDF
234,Bi-214,66,0,697.89,0.1,0.06,0.007,0.0,1-,19.71,2,m,1182.6,B-,99.979,0.0013,1-May-2021,Shaofei Zhu and E. A. McCutchan,2024-04-27,ENSDF
235,Bi-214,67,0,699.86,0.18,0.018,0.004,0.0,1-,19.71,2,m,1182.6,B-,99.979,0.0013,1-May-2021,Shaofei Zhu and E. A. McCutchan,2024-04-27,ENSDF
236,Bi-214,68,0,703.1,0.04,0.482,0.018,0.0,1-,19.71,2,m,1182.6,B-,99.979,0.0013,1-May-2021,Shaofei Zhu and E. A. McCutchan,2024-04-27,ENSDF
237,Bi-214,69,0,704.96,0.25,0.047,0.01,0.0,1-,19.71,2,m,1182.6,B-,99.979,0.0013,1-May-2021,Shaofei Zhu and E. A. McCutchan,2024-04-27,ENSDF
238,Bi-214,70,0,708.95,0.23,0.0123,0.0014,0.0,1-,19.71,2,m,1182.6,B-,99.979,0.0013,1-May-2021,Shaofei Zhu and E. A. McCutchan,2024-04-27,ENSDF
239,Bi-214,71,0,710.69,0.1,0.0741,0.0018,0.0,1-,19.71,2,m,1182.6,B-,99.979,0.0013,1-May-2021,Shaofei Zhu and E. A. McCutchan,2024-04-27,ENSDF
240,Bi-214,72,0,719.86,0.03,0.409,0.014,0.0,1-,19.71,2,m,1182.6,B-,99.979,0.0013,1-May-2021,Shaofei Zhu and E. A. McCutchan,2024-04-27,ENSDF
241,Bi-214,73,0,723.01,0.12,0.036,0.004,0.0,1-,19.71,2,m,1182.6,B-,99.979,0.0013,1-May-2021,Shaofei Zhu and E. A. McCutchan,2024-04-27,ENSDF
242,Bi-214,74,0,727.0,1.0,0.036,0.014,0.0,1-,19.71,2,m,1182.6,B-,99.979,0.0013,1-May-2021,Shaofei Zhu and E. A. McCutchan,2024-04-27,ENSDF
243,Bi-214,75,0,733.81,0.1,0.04,0.004,0.0,1-,19.71,2,m,1182.6,B-,99.979,0.0013,1-May-2021,Shaofei Zhu and E. A. McCutchan,2024-04-27,ENSDF
244,Bi-214,76,0,740.77,0.13,0.0432,0.0023,0.0,1-,19.71,2,m,1182.6,B-,99.979,0.0013,1-May-2021,Shaofei Zhu and E. A. McCutchan,2024-04-27,ENSDF
245,Bi-214,77,0,752.84,0.03,0.132,0.009,0.0,1-,19.71,2,m,1182.6,B-,99.979,0.0013,1-May-2021,Shaofei Zhu and E. A. McCutchan,2024-04-27,ENSDF
246,Bi-214,78,0,768.36,0.007,4.89,0.02,0.0,1-,19.71,2,m,1182.6,B-,99.979,0.0013,1-May-2021,Shaofei Zhu and E. A. McCutchan,2024-04-27,ENSDF
247,Bi-214,79,0,769.7,0.5,0.029,0.01,0.0,1-,19.71,2,m,1182.6,B-,99.979,0.0013,1-May-2021,Shaofei Zhu and E. A. McCutchan,2024-04-27,ENSDF
248,Bi-214,80,0,786.35,0.16,0.32,0.04,0.0,1-,19.71,2,m,1182.6,B-,99.979,0.0013,1-May-2021,Shaofei Zhu and E. A. McCutchan,2024-04-27,ENSDF
249,Bi-214,81,0,788.2,0.3,0.015,0.003,0.0,1-,19.71,2,m,1182.6,B-,99.979,0.0013,1-May-2021,Shaofei Zhu and E. A. McCutchan,2024-04-27,ENSDF
250,Bi-214,82,0,803.1,,0.0045,0.0014,0.0,1-,19.71,2,m,1182.6,B-,99.979,0.0013,1-May-2021,Shaofei Zhu and E. A. McCutchan,2024-04-27,ENSDF
251,Bi-214,83,0,806.179,0.01,1.262,0.008,0.0,1-,19.71,2,m,1182.6,B-,99.979,0.0013,1-May-2021,Shaofei Zhu and E. A. McCutchan,2024-04-27,ENSDF
252,Bi-214,84,0,814.92,0.11,0.039,0.004,0.0,1-,19.71,2,m,1182.6,B-,99.979,0.0013,1-May-2021,Shaofei Zhu and E. A. McCutchan,2024-04-27,ENSDF
253,Bi-214,85,0,821.18,0.03,0.164,0.014,0.0,1-,19.71,2,m,1182.6,B-,99.979,0.0013,1-May-2021,Shaofei Zhu and E. A. McCutchan,2024-04-27,ENSDF
254,Bi-214,86,0,826.41,0.11,0.105,0.014,0.0,1-,19.71,2,m,1182.6,B-,99.979,0.0013,1-May-2021,Shaofei Zhu and E. A. McCutchan,2024-04-27,ENSDF
255,Bi-214,87,0,832.37,0.11,0.028,0.003,0.0,1-,19.71,2,m,1182.6,B-,99.979,0.0013,1-May-2021,Shaofei Zhu and E. A. McCutchan,2024-04-27,ENSDF
256,Bi-214,88,0,840.4,0.5,0.01,0.003,0.0,1-,19.71,2,m,1182.6,B-,99.979,0.0013,1-May-2021,Shaofei Zhu and E. A. McCutchan,2024-04-27,ENSDF
257,Bi-214,89,0,847.14,0.11,0.025,0.003,0.0,1-,19.71,2,m,1182.6,B-,99.979,0.0013,1-May-2021,Shaofei Zhu and E. A. McCutchan,2024-04-27,ENSDF
258,Bi-214,90,0,872.95,0.19,0.017,0.004,0.0,1-,19.71,2,m,1182.6,B-,99.979,0.0013,1-May-2021,Shaofei Zhu and E. A. McCutchan,2024-04-27,ENSDF
259,Bi-214,91,0,878.02,0.12,0.011,0.003,0.0,1-,19.71,2,m,1182.6,B-,99.979,0.0013,1-May-2021,Shaofei Zhu and E. A. McCutchan,2024-04-27,ENSDF
260,Bi-214,92,0,904.35,0.09,0.073,0.009,0.0,1-,19.71,2,m,1182.6,B-,99.979,0.0013,1-May-2021,Shaofei Zhu and E. A. McCutchan,2024-04-27,ENSDF
261,Bi-214,93,0,915.73,0.15,0.024,0.003,0.0,1-,19.71,2,m,1182.6,B-,99.979,0.0013,1-May-2021,Shaofei Zhu and E. A. McCutchan,2024-04-27,ENSDF
262,Bi-214,94,0,917.7,0.3,0.005,0.003,0.0,1-,19.71,2,m,1182.6,B-,99.979,0.0013,1-May-2021,Shaofei Zhu and E. A. McCutchan,2024-04-27,ENSDF
263,Bi-214,95,0,930.2,0.2,0.026,0.008,0.0,1-,19.71,2,m,1182.6,B-,99.979,0.0013,1-May-2021,Shaofei Zhu and E. A. McCutchan,2024-04-27,ENSDF
264,Bi-214,96,0,934.056,0.008,3.094,0.019,0.0,1-,19.71,2,m,1182.6,B-,99.979,0.0013,1-May-2021,Shaofei Zhu and E. A. McCutchan,2024-04-27,ENSDF
265,Bi-214,97,0,934.1,0.2,0.049,0.01,0.0,1-,19.71,2,m,1182.6,B-,99.979,0.0013,1-May-2021,Shaofei Zhu and E. A. McCutchan,2024-04-27,ENSDF
266,Bi-214,98,0,934.5,0.5,0.01,0.003,0.0,1-,19.71,2,m,1182.6,B-,99.979,0.0013,1-May-2021,Shaofei Zhu and E. A. McCutchan,2024-04-27,ENSDF
267,Bi-214,99,0,938.65,0.16,0.013,0.004,0.0,1-,19.71,2,m,1182.6,B-,99.979,0.0013,1-May-2021,Shaofei Zhu and E. A. McCutchan,2024-04-27,ENSDF
268,Bi-214,100,0,939.6,0.5,0.02,0.004,0.0,1-,19.71,2,m,1182.6,B-,99.979,0.0013,1-May-2021,Shaofei Zhu and E. A. McCutchan,2024-04-27,ENSDF
269,Bi-214,101,0,943.33,0.12,0.016,0.003,0.0,1-,19.71,2,m,1182.6,B-,99.979,0.0013,1-May-2021,Shaofei Zhu and E. A. McCutchan,2024-04-27,ENSDF
270,Bi-214,102,0,949.8,0.3,0.005,0.0023,0.0,1-,19.71,2,m,1182.6,B-,99.979,0.0013,1-May-2021,Shaofei Zhu and E. A. McCutchan,2024-04-27,ENSDF
271,Bi-214,103,0,952.2,0.8,0.0059,0.0023,0.0,1-,19.71,2,m,1182.6,B-,99.979,0.0013,1-May-2021,Shaofei Zhu and E. A. McCutchan,2024-04-27,ENSDF
272,Bi-214,104,0,961.66,0.17,0.0105,0.0014,0.0,1-,19.71,2,m,1182.6,B-,99.979,0.0013,1-May-2021,Shaofei Zhu and E. A. McCutchan,2024-04-27,ENSDF
273,Bi-214,105,0,964.08,0.03,0.373,0.018,0.0,1-,19.71,2,m,1182.6,B-,99.979,0.0013,1-May-2021,Shaofei Zhu and E. A. McCutchan,2024-04-27,ENSDF
274,Bi-214,106,0,965.0,0.1,0.01,0.003,0.0,1-,19.71,2,m,1182.6,B-,99.979,0.0013,1-May-2021,Shaofei Zhu and E. A. McCutchan,2024-04-27,ENSDF
275,Bi-214,107,0,976.18,0.12,0.015,0.0023,0.0,1-,19.71,2,m,1182.6,B-,99.979,0.0013,1-May-2021,Shaofei Zhu and E. A. McCutchan,2024-04-27,ENSDF
276,Bi-214,108,0,989.29,0.17,0.008,0.003,0.0,1-,19.71,2,m,1182.6,B-,99.979,0.0013,1-May-2021,Shaofei Zhu and E. A. McCutchan,2024-04-27,ENSDF
277,Bi-214,109,0,991.56,0.19,0.0095,0.0023,0.0,1-,19.71,2,m,1182.6,B-,99.979,0.0013,1-May-2021,Shaofei Zhu and E. A. McCutchan,2024-04-27,ENSDF
278,Bi-214,110,0,1013.4,1.0,0.013,0.004,0.0,1-,19.71,2,m,1182.6,B-,99.979,0.0013,1-May-2021,Shaofei Zhu and E. A. McCutchan,2024-04-27,ENSDF
279,Bi-214,111,0,1021.4,0.3,0.015,0.003,0.0,1-,19.71,2,m,1182.6,B-,99.979,0.0013,1-May-2021,Shaofei Zhu and E. A. McCutchan,2024-04-27,ENSDF
280,Bi-214,112,0,1032.39,0.08,0.064,0.009,0.0,1-,19.71,2,m,1182.6,B-,99.979,0.0013,1-May-2021,Shaofei Zhu and E. A. McCutchan,2024-04-27,ENSDF
281,Bi-214,113,0,1033.31,0.18,0.02,0.003,0.0,1-,19.71,2,m,1182.6,B-,99.979,0.0013,1-May-2021,Shaofei Zhu and E. A. McCutchan,2024-04-27,ENSDF
282,Bi-214,114,0,1038.0,0.2,0.0082,0.0014,0.0,1-,19.71,2,m,1182.6,B-,99.979,0.0013,1-May-2021,Shaofei Zhu and E. A. McCutchan,2024-04-27,ENSDF
283,Bi-214,115,0,1038.0,0.6,0.0077,0.0018,0.0,1-,19.71,2,m,1182.6,B-,99.979,0.0013,1-May-2021,Shaofei Zhu and E. A. McCutchan,2024-04-27,ENSDF
284,Bi-214,116,0,1045.73,0.16,0.021,0.003,0.0,1-,19.71,2,m,1182.6,B-,99.979,0.0013,1-May-2021,Shaofei Zhu and E. A. McCutchan,2024-04-27,ENSDF
285,Bi-214,117,0,1051.96,0.03,0.313,0.01,0.0,1-,19.71,2,m,1182.6,B-,99.979,0.0013,1-May-2021,Shaofei Zhu and E. A. McCutchan,2024-04-27,ENSDF
286,Bi-214,118,0,1058.1,,0.008,0.003,0.0,1-,19.71,2,m,1182.6,B-,99.979,0.0013,1-May-2021,Shaofei Zhu and E. A. McCutchan,2024-04-27,ENSDF
287,Bi-214,119,0,1062.4,,0.013,0.008,0.0,1-,19.71,2,m,1182.6,B-,99.979,0.0013,1-May-2021,Shaofei Zhu and E. A. McCutchan,2024-04-27,ENSDF
288,Bi-214,120,0,1067.4,0.3,0.025,0.006,0.0,1-,19.71,2,m,1182.6,B-,99.979,0.0013,1-May-2021,Shaofei Zhu and E. A. McCutchan,2024-04-27,ENSDF
289,Bi-214,121,0,1069.97,0.08,0.273,0.018,0.0,1-,19.71,2,m,1182.6,B-,99.979,0.0013,1-May-2021,Shaofei Zhu and E. A. McCutchan,2024-04-27,ENSDF
290,Bi-214,122,0,1087.4,,0.015,0.007,0.0,1-,19.71,2,m,1182.6,B-,99.979,0.0013,1-May-2021,Shaofei Zhu and E. A. McCutchan,2024-04-27,ENSDF
291,Bi-214,123,0,1103.7,0.19,0.095,0.014,0.0,1-,19.71,2,m,1182.6,B-,99.979,0.0013,1-May-2021,Shaofei Zhu and E. A. McCutchan,2024-04-27,ENSDF
292,Bi-214,124,0,1104.68,0.19,0.076,0.004,0.0,1-,19.71,2,m,1182.6,B-,99.979,0.0013,1-May-2021,Shaofei Zhu and E. A. McCutchan,2024-04-27,ENSDF
293,Bi-214,125,0,1108.8,,0.0068,0.0023,0.0,1-,19.71,2,m,1182.6,B-,99.979,0.0013,1-May-2021,Shaofei Zhu and E. A. McCutchan,2024-04-27,ENSDF
294,Bi-214,126,0,1118.9,0.5,0.039,0.01,0.0,1-,19.71,2,m,1182.6,B-,99.979,0.0013,1-May-2021,Shaofei Zhu and E. A. McCutchan,2024-04-27,ENSDF
295,Bi-214,127,0,1120.294,0.006,14.9,0.08,0.0,1-,19.71,2,m,1182.6,B-,99.979,0.0013,1-May-2021,Shaofei Zhu and E. A. McCutchan,2024-04-27,ENSDF
296,Bi-214,128,0,1130.38,0.2,0.037,0.004,0.0,1-,19.71,2,m,1182.6,B-,99.979,0.0013,1-May-2021,Shaofei Zhu and E. A. McCutchan,2024-04-27,ENSDF
297,Bi-214,129,0,1133.66,0.03,0.254,0.009,0.0,1-,19.71,2,m,1182.6,B-,99.979,0.0013,1-May-2021,Shaofei Zhu and E. A. McCutchan,2024-04-27,ENSDF
298,Bi-214,130,0,1155.21,0.008,1.634,0.01,0.0,1-,19.71,2,m,1182.6,B-,99.979,0.0013,1-May-2021,Shaofei Zhu and E. A. McCutchan,2024-04-27,ENSDF
299,Bi-214,131,0,1155.6,0.5,0.015,0.004,0.0,1-,19.71,2,m,1182.6,B-,99.979,0.0013,1-May-2021,Shaofei Zhu and E. A. McCutchan,2024-04-27,ENSDF
300,Bi-214,132,0,1156.0,1.0,0.007,0.003,0.0,1-,19.71,2,m,1182.6,B-,99.979,0.0013,1-May-2021,Shaofei Zhu and E. A. McCutchan,2024-04-27,ENSDF
301,Bi-214,133,0,1167.26,0.18,0.0123,0.0018,0.0,1-,19.71,2,m,1182.6,B-,99.979,0.0013,1-May-2021,Shaofei Zhu and E. A. McCutchan,2024-04-27,ENSDF
302,Bi-214,134,0,1173.01,0.1,0.055,0.005,0.0,1-,19.71,2,m,1182.6,B-,99.979,0.0013,1-May-2021,Shaofei Zhu and E. A. McCutchan,2024-04-27,ENSDF
303,Bi-214,135,0,1207.68,0.03,0.454,0.018,0.0,1-,19.71,2,m,1182.6,B-,99.979,0.0013,1-May-2021,Shaofei Zhu and E. A. McCutchan,2024-04-27,ENSDF
304,Bi-214,136,0,1226.7,0.3,0.13,0.05,0.0,1-,19.71,2,m,1182.6,B-,99.979,0.0013,1-May-2021,Shaofei Zhu and E. A. McCutchan,2024-04-27,ENSDF
305,Bi-214,137,0,1226.8,0.6,0.03,0.009,0.0,1-,19.71,2,m,1182.6,B-,99.979,0.0013,1-May-2021,Shaofei Zhu and E. A. McCutchan,2024-04-27,ENSDF
306,Bi-214,138,0,1230.6,0.4,0.008,0.004,0.0,1-,19.71,2,m,1182.6,B-,99.979,0.0013,1-May-2021,Shaofei Zhu and E. A. McCutchan,2024-04-27,ENSDF
307,Bi-214,139,0,1238.122,0.01,5.83,0.03,0.0,1-,19.71,2,m,1182.6,B-,99.979,0.0013,1-May-2021,Shaofei Zhu and E. A. McCutchan,2024-04-27,ENSDF
308,Bi-214,140,0,1279.0,0.7,0.0132,0.0023,0.0,1-,19.71,2,m,1182.6,B-,99.979,0.0013,1-May-2021,Shaofei Zhu and E. A. McCutchan,2024-04-27,ENSDF
309,Bi-214,141,0,1280.976,0.012,1.435,0.009,0.0,1-,19.71,2,m,1182.6,B-,99.979,0.0013,1-May-2021,Shaofei Zhu and E. A. McCutchan,2024-04-27,ENSDF
310,Bi-214,142,0,1284.0,1.0,0.0118,0.0009,0.0,1-,19.71,2,m,1182.6,B-,99.979,0.0013,1-May-2021,Shaofei Zhu and E. A. McCutchan,2024-04-27,ENSDF
311,Bi-214,143,0,1285.1,0.5,0.016,0.004,0.0,1-,19.71,2,m,1182.6,B-,99.979,0.0013,1-May-2021,Shaofei Zhu and E. A. McCutchan,2024-04-27,ENSDF
312,Bi-214,144,0,1303.75,0.08,0.105,0.009,0.0,1-,19.71,2,m,1182.6,B-,99.979,0.0013,1-May-2021,Shaofei Zhu and E. A. McCutchan,2024-04-27,ENSDF
313,Bi-214,145,0,1316.99,0.15,0.082,0.009,0.0,1-,19.71,2,m,1182.6,B-,99.979,0.0013,1-May-2021,Shaofei Zhu and E. A. McCutchan,2024-04-27,ENSDF
314,Bi-214,146,0,1321.5,,0.0045,0.0023,0.0,1-,19.71,2,m,1182.6,B-,99.979,0.0013,1-May-2021,Shaofei Zhu and E. A. McCutchan,2024-04-27,ENSDF
315,Bi-214,147,0,1329.94,0.17,0.0118,0.0014,0.0,1-,19.71,2,m,1182.6,B-,99.979,0.0013,1-May-2021,Shaofei Zhu and E. A. McCutchan,2024-04-27,ENSDF
316,Bi-214,148,0,1341.49,0.16,0.021,0.003,0.0,1-,19.71,2,m,1182.6,B-,99.979,0.0013,1-May-2021,Shaofei Zhu and E. A. McCutchan,2024-04-27,ENSDF
317,Bi-214,149,0,1351.0,1.0,0.0068,0.0018,0.0,1-,19.71,2,m,1182.6,B-,99.979,0.0013,1-May-2021,Shaofei Zhu and E. A. McCutchan,2024-04-27,ENSDF
318,Bi-214,150,0,1353.0,0.8,0.0045,0.0011,0.0,1-,19.71,2,m,1182.6,B-,99.979,0.0013,1-May-2021,Shaofei Zhu and E. A. McCutchan,2024-04-27,ENSDF
319,Bi-214,151,0,1370.5,,0.01,0.0023,0.0,1-,19.71,2,m,1182.6,B-,99.979,0.0013,1-May-2021,Shaofei Zhu and E. A. McCutchan,2024-04-27,ENSDF
320,Bi-214,152,0,1377.669,0.012,3.985,0.022,0.0,1-,19.71,2,m,1182.6,B-,99.979,0.0013,1-May-2021,Shaofei Zhu and E. A. McCutchan,2024-04-27,ENSDF
321,Bi-214,153,0,1385.31,0.014,0.801,0.008,0.0,1-,19.71,2,m,1182.6,B-,99.979,0.0013,1-May-2021,Shaofei Zhu and E. A. McCutchan,2024-04-27,ENSDF
322,Bi-214,154,0,1392.5,0.4,0.017,0.007,0.0,1-,19.71,2,m,1182.6,B-,99.979,0.0013,1-May-2021,Shaofei Zhu and E. A. McCutchan,2024-04-27,ENSDF
323,Bi-214,155,0,1401.515,0.013,1.333,0.008,0.0,1-,19.71,2,m,1182.6,B-,99.979,0.0013,1-May-2021,Shaofei Zhu and E. A. McCutchan,2024-04-27,ENSDF
324,Bi-214,156,0,1407.988,0.012,2.388,0.013,0.0,1-,19.71,2,m,1182.6,B-,99.979,0.0013,1-May-2021,Shaofei Zhu and E. A. McCutchan,2024-04-27,ENSDF
325,Bi-214,157,0,1419.7,0.29,0.005,0.0009,0.0,1-,19.71,2,m,1182.6,B-,99.979,0.0013,1-May-2021,Shaofei Zhu and E. A. McCutchan,2024-04-27,ENSDF
326,Bi-214,158,0,1448.85,0.24,0.018,0.009,0.0,1-,19.71,2,m,1182.6,B-,99.979,0.0013,1-May-2021,Shaofei Zhu and E. A. McCutchan,2024-04-27,ENSDF
327,Bi-214,159,0,1471.1,0.6,0.0016,0.0007,0.0,1-,19.71,2,m,1182.6,B-,99.979,0.0013,1-May-2021,Shaofei Zhu and E. A. McCutchan,2024-04-27,ENSDF
328,Bi-214,160,0,1479.19,0.12,0.055,0.008,0.0,1-,19.71,2,m,1182.6,B-,99.979,0.0013,1-May-2021,Shaofei Zhu and E. A. McCutchan,2024-04-27,ENSDF
329,Bi-214,161,0,1483.5,,0.013,0.005,0.0,1-,19.71,2,m,1182.6,B-,99.979,0.0013,1-May-2021,Shaofei Zhu and E. A. McCutchan,2024-04-27,ENSDF
330,Bi-214,162,0,1509.211,0.01,2.127,0.016,0.0,1-,19.71,2,m,1182.6,B-,99.979,0.0013,1-May-2021,Shaofei Zhu and E. A. McCutchan,2024-04-27,ENSDF
331,Bi-214,163,0,1515.7,,0.018,0.005,0.0,1-,19.71,2,m,1182.6,B-,99.979,0.0013,1-May-2021,Shaofei Zhu and E. A. McCutchan,2024-04-27,ENSDF
332,Bi-214,164,0,1538.53,0.06,0.436,0.023,0.0,1-,19.71,2,m,1182.6,B-,99.979,0.0013,1-May-2021,Shaofei Zhu and E. A. McCutchan,2024-04-27,ENSDF
333,Bi-214,165,0,1543.33,0.06,0.309,0.014,0.0,1-,19.71,2,m,1182.6,B-,99.979,0.0013,1-May-2021,Shaofei Zhu and E. A. McCutchan,2024-04-27,ENSDF
334,Bi-214,166,0,1583.203,0.017,0.708,0.007,0.0,1-,19.71,2,m,1182.6,B-,99.979,0.0013,1-May-2021,Shaofei Zhu and E. A. McCutchan,2024-04-27,ENSDF
335,Bi-214,167,0,1594.75,0.08,0.273,0.018,0.0,1-,19.71,2,m,1182.6,B-,99.979,0.0013,1-May-2021,Shaofei Zhu and E. A. McCutchan,2024-04-27,ENSDF
336,Bi-214,168,0,1594.8,0.3,0.005,0.003,0.0,1-,19.71,2,m,1182.6,B-,99.979,0.0013,1-May-2021,Shaofei Zhu and E. A. McCutchan,2024-04-27,ENSDF
337,Bi-214,169,0,1598.0,0.5,0.006,0.003,0.0,1-,19.71,2,m,1182.6,B-,99.979,0.0013,1-May-2021,Shaofei Zhu and E. A. McCutchan,2024-04-27,ENSDF
338,Bi-214,170,0,1599.56,0.12,0.327,0.018,0.0,1-,19.71,2,m,1182.6,B-,99.979,0.0013,1-May-2021,Shaofei Zhu and E. A. McCutchan,2024-04-27,ENSDF
339,Bi-214,171,0,1636.36,0.19,0.0114,0.0018,0.0,1-,19.71,2,m,1182.6,B-,99.979,0.0013,1-May-2021,Shaofei Zhu and E. A. McCutchan,2024-04-27,ENSDF
340,Bi-214,172,0,1637.0,1.0,0.007,0.003,0.0,1-,19.71,2,m,1182.6,B-,99.979,0.0013,1-May-2021,Shaofei Zhu and E. A. McCutchan,2024-04-27,ENSDF
341,Bi-214,173,0,1657.04,0.18,0.05,0.005,0.0,1-,19.71,2,m,1182.6,B-,99.979,0.0013,1-May-2021,Shaofei Zhu and E. A. McCutchan,2024-04-27,ENSDF
342,Bi-214,174,0,1661.274,0.017,1.046,0.008,0.0,1-,19.71,2,m,1182.6,B-,99.979,0.0013,1-May-2021,Shaofei Zhu and E. A. McCutchan,2024-04-27,ENSDF
343,Bi-214,175,0,1665.86,0.19,0.009,0.003,0.0,1-,19.71,2,m,1182.6,B-,99.979,0.0013,1-May-2021,Shaofei Zhu and E. A. McCutchan,2024-04-27,ENSDF
344,Bi-214,176,0,1676.1,,0.002272,9e-06,0.0,1-,19.71,2,m,1182.6,B-,99.979,0.0013,1-May-2021,Shaofei Zhu and E. A. McCutchan,2024-04-27,ENSDF
345,Bi-214,177,0,1684.012,0.023,0.218,0.014,0.0,1-,19.71,2,m,1182.6,B-,99.979,0.0013,1-May-2021,Shaofei Zhu and E. A. McCutchan,2024-04-27,ENSDF
346,Bi-214,178,0,1711.0,0.8,0.0018,0.0009,0.0,1-,19.71,2,m,1182.6,B-,99.979,0.0013,1-May-2021,Shaofei Zhu and E. A. McCutchan,2024-04-27,ENSDF
347,Bi-214,179,0,1717.0,0.8,0.0055,0.0014,0.0,1-,19.71,2,m,1182.6,B-,99.979,0.0013,1-May-2021,Shaofei Zhu and E. A. McCutchan,2024-04-27,ENSDF
348,Bi-214,180,0,1729.595,0.015,2.87,0.03,0.0,1-,19.71,2,m,1182.6,B-,99.979,0.0013,1-May-2021,Shaofei Zhu and E. A. McCutchan,2024-04-27,ENSDF
349,Bi-214,181,0,1751.6,0.7,0.005,0.004,0.0,1-,19.71,2,m,1182.6,B-,99.979,0.0013,1-May-2021,Shaofei Zhu and E. A. McCutchan,2024-04-27,ENSDF
350,Bi-214,182,0,1764.491,0.014,15.29,0.08,0.0,1-,19.71,2,m,1182.6,B-,99.979,0.0013,1-May-2021,Shaofei Zhu and E. A. McCutchan,2024-04-27,ENSDF
351,Bi-214,183,0,1813.73,0.14,0.0109,0.0009,0.0,1-,19.71,2,m,1182.6,B-,99.979,0.0013,1-May-2021,Shaofei Zhu and E. A. McCutchan,2024-04-27,ENSDF
352,Bi-214,184,0,1819.2,0.4,0.001363,6e-06,0.0,1-,19.71,2,m,1182.6,B-,99.979,0.0013,1-May-2021,Shaofei Zhu and E. A. McCutchan,2024-04-27,ENSDF
353,Bi-214,185,0,1838.36,0.05,0.35,0.014,0.0,1-,19.71,2,m,1182.6,B-,99.979,0.0013,1-May-2021,Shaofei Zhu and E. A. McCutchan,2024-04-27,ENSDF
354,Bi-214,186,0,1847.433,0.017,2.027,0.016,0.0,1-,19.71,2,m,1182.6,B-,99.979,0.0013,1-May-2021,Shaofei Zhu and E. A. McCutchan,2024-04-27,ENSDF
355,Bi-214,187,0,1873.16,0.05,0.214,0.009,0.0,1-,19.71,2,m,1182.6,B-,99.979,0.0013,1-May-2021,Shaofei Zhu and E. A. McCutchan,2024-04-27,ENSDF
356,Bi-214,188,0,1890.3,0.14,0.084,0.01,0.0,1-,19.71,2,m,1182.6,B-,99.979,0.0013,1-May-2021,Shaofei Zhu and E. A. McCutchan,2024-04-27,ENSDF
357,Bi-214,189,0,1896.05,0.14,0.15,0.009,0.0,1-,19.71,2,m,1182.6,B-,99.979,0.0013,1-May-2021,Shaofei Zhu and E. A. McCutchan,2024-04-27,ENSDF
358,Bi-214,190,0,1898.68,0.16,0.05,0.009,0.0,1-,19.71,2,m,1182.6,B-,99.979,0.0013,1-May-2021,Shaofei Zhu and E. A. McCutchan,2024-04-27,ENSDF
359,Bi-214,191,0,1935.58,0.2,0.03,0.003,0.0,1-,19.71,2,m,1182.6,B-,99.979,0.0013,1-May-2021,Shaofei Zhu and E. A. McCutchan,2024-04-27,ENSDF
360,Bi-214,192,0,1994.6,0.6,0.007,0.003,0.0,1-,19.71,2,m,1182.6,B-,99.979,0.0013,1-May-2021,Shaofei Zhu and E. A. McCutchan,2024-04-27,ENSDF
361,Bi-214,193,0,2004.5,1.0,0.0023,0.0009,0.0,1-,19.71,2,m,1182.6,B-,99.979,0.0013,1-May-2021,Shaofei Zhu and E. A. McCutchan,2024-04-27,ENSDF
362,Bi-214,194,0,2010.8,0.12,0.0441,0.0023,0.0,1-,19.71,2,m,1182.6,B-,99.979,0.0013,1-May-2021,Shaofei Zhu and E. A. McCutchan,2024-04-27,ENSDF
363,Bi-214,195,0,2021.52,0.12,0.0214,0.0023,0.0,1-,19.71,2,m,1182.6,B-,99.979,0.0013,1-May-2021,Shaofei Zhu and E. A. McCutchan,2024-04-27,ENSDF
364,Bi-214,196,0,2052.96,0.12,0.069,0.005,0.0,1-,19.71,2,m,1182.6,B-,99.979,0.0013,1-May-2021,Shaofei Zhu and E. A. McCutchan,2024-04-27,ENSDF
365,Bi-214,197,0,2085.19,0.15,0.0082,0.0005,0.0,1-,19.71,2,m,1182.6,B-,99.979,0.0013,1-May-2021,Shaofei Zhu and E. A. McCutchan,2024-04-27,ENSDF
366,Bi-214,198,0,2089.65,0.15,0.045,0.003,0.0,1-,19.71,2,m,1182.6,B-,99.979,0.0013,1-May-2021,Shaofei Zhu and E. A. McCutchan,2024-04-27,ENSDF
367,Bi-214,199,0,2109.98,0.12,0.085,0.005,0.0,1-,19.71,2,m,1182.6,B-,99.979,0.0013,1-May-2021,Shaofei Zhu and E. A. McCutchan,2024-04-27,ENSDF
368,Bi-214,200,0,2118.513,0.025,1.156,0.01,0.0,1-,19.71,2,m,1182.6,B-,99.979,0.0013,1-May-2021,Shaofei Zhu and E. A. McCutchan,2024-04-27,ENSDF
369,Bi-214,201,0,2120.0,1.0,0.0068,0.0018,0.0,1-,19.71,2,m,1182.6,B-,99.979,0.0013,1-May-2021,Shaofei Zhu and E. A. McCutchan,2024-04-27,ENSDF
370,Bi-214,202,0,2148.0,0.12,0.0136,0.0014,0.0,1-,19.71,2,m,1182.6,B-,99.979,0.0013,1-May-2021,Shaofei Zhu and E. A. McCutchan,2024-04-27,ENSDF
371,Bi-214,203,0,2160.4,0.3,0.0018,0.0005,0.0,1-,19.71,2,m,1182.6,B-,99.979,0.0013,1-May-2021,Shaofei Zhu and E. A. McCutchan,2024-04-27,ENSDF
372,Bi-214,204,0,2176.52,0.19,0.005,0.0018,0.0,1-,19.71,2,m,1182.6,B-,99.979,0.0013,1-May-2021,Shaofei Zhu and E. A. McCutchan,2024-04-27,ENSDF
373,Bi-214,205,0,2192.58,0.16,0.039,0.004,0.0,1-,19.71,2,m,1182.6,B-,99.979,0.0013,1-May-2021,Shaofei Zhu and E. A. McCutchan,2024-04-27,ENSDF
374,Bi-214,206,0,2204.1,0.04,4.92,0.03,0.0,1-,19.71,2,m,1182.6,B-,99.979,0.0013,1-May-2021,Shaofei Zhu and E. A. McCutchan,2024-04-27,ENSDF
375,Bi-214,207,0,2251.55,0.15,0.0055,0.0005,0.0,1-,19.71,2,m,1182.6,B-,99.979,0.0013,1-May-2021,Shaofei Zhu and E. A. McCutchan,2024-04-27,ENSDF
376,Bi-214,208,0,2260.32,0.2,0.0086,0.0005,0.0,1-,19.71,2,m,1182.6,B-,99.979,0.0013,1-May-2021,Shaofei Zhu and E. A. McCutchan,2024-04-27,ENSDF
377,Bi-214,209,0,2266.52,0.13,0.0168,0.0009,0.0,1-,19.71,2,m,1182.6,B-,99.979,0.0013,1-May-2021,Shaofei Zhu and E. A. McCutchan,2024-04-27,ENSDF
378,Bi-214,210,0,2270.9,0.4,0.00132,0.00023,0.0,1-,19.71,2,m,1182.6,B-,99.979,0.0013,1-May-2021,Shaofei Zhu and E. A. McCutchan,2024-04-27,ENSDF
379,Bi-214,211,0,2284.33,0.18,0.005,0.0005,0.0,1-,19.71,2,m,1182.6,B-,99.979,0.0013,1-May-2021,Shaofei Zhu and E. A. McCutchan,2024-04-27,ENSDF
380,Bi-214,212,0,2287.65,0.23,0.0045,0.0005,0.0,1-,19.71,2,m,1182.6,B-,99.979,0.0013,1-May-2021,Shaofei Zhu and E. A. McCutchan,2024-04-27,ENSDF
381,Bi-214,213,0,2293.38,0.03,0.309,0.005,0.0,1-,19.71,2,m,1182.6,B-,99.979,0.0013,1-May-2021,Shaofei Zhu and E. A. McCutchan,2024-04-27,ENSDF
382,Bi-214,214,0,2310.2,0.3,0.0014,0.0009,0.0,1-,19.71,2,m,1182.6,B-,99.979,0.0013,1-May-2021,Shaofei Zhu and E. A. McCutchan,2024-04-27,ENSDF
383,Bi-214,215,0,2312.45,0.15,0.0091,0.0009,0.0,1-,19.71,2,m,1182.6,B-,99.979,0.0013,1-May-2021,Shaofei Zhu and E. A. McCutchan,2024-04-27,ENSDF
384,Bi-214,216,0,2325.18,0.25,0.00168,0.00018,0.0,1-,19.71,2,m,1182.6,B-,99.979,0.0013,1-May-2021,Shaofei Zhu and E. A. McCutchan,2024-04-27,ENSDF
385,Bi-214,217,0,2331.38,0.12,0.023,0.003,0.0,1-,19.71,2,m,1182.6,B-,99.979,0.0013,1-May-2021,Shaofei Zhu and E. A. McCutchan,2024-04-27,ENSDF
386,Bi-214,218,0,2360.99,0.19,0.00164,0.00023,0.0,1-,19.71,2,m,1182.6,B-,99.979,0.0013,1-May-2021,Shaofei Zhu and E. A. McCutchan,2024-04-27,ENSDF
387,Bi-214,219,0,2369.56,0.17,0.0027,0.0005,0.0,1-,19.71,2,m,1182.6,B-,99.979,0.0013,1-May-2021,Shaofei Zhu and E. A. McCutchan,2024-04-27,ENSDF
388,Bi-214,220,0,2376.89,0.13,0.0091,0.0009,0.0,1-,19.71,2,m,1182.6,B-,99.979,0.0013,1-May-2021,Shaofei Zhu and E. A. McCutchan,2024-04-27,ENSDF
389,Bi-214,221,0,2390.82,0.21,0.00159,0.00014,0.0,1-,19.71,2,m,1182.6,B-,99.979,0.0013,1-May-2021,Shaofei Zhu and E. A. McCutchan,2024-04-27,ENSDF
390,Bi-214,222,0,2423.32,0.13,0.005,0.0005,0.0,1-,19.71,2,m,1182.6,B-,99.979,0.0013,1-May-2021,Shaofei Zhu and E. A. McCutchan,2024-04-27,ENSDF
391,Bi-214,223,0,2444.7,0.7,0.0077,0.0023,0.0,1-,19.71,2,m,1182.6,B-,99.979,0.0013,1-May-2021,Shaofei Zhu and E. A. McCutchan,2024-04-27,ENSDF
392,Bi-214,224,0,2447.69,0.03,1.545,0.011,0.0,1-,19.71,2,m,1182.6,B-,99.979,0.0013,1-May-2021,Shaofei Zhu and E. A. McCutchan,2024-04-27,ENSDF
393,Bi-214,225,0,2472.9,,0.0023,0.0008,0.0,1-,19.71,2,m,1182.6,B-,99.979,0.0013,1-May-2021,Shaofei Zhu and E. A. McCutchan,2024-04-27,ENSDF
394,Bi-214,226,0,2482.8,0.4,0.001,0.00018,0.0,1-,19.71,2,m,1182.6,B-,99.979,0.0013,1-May-2021,Shaofei Zhu and E. A. McCutchan,2024-04-27,ENSDF
395,Bi-214,227,0,2482.8,0.4,0.002,0.0009,0.0,1-,19.71,2,m,1182.6,B-,99.979,0.0013,1-May-2021,Shaofei Zhu and E. A. McCutchan,2024-04-27,ENSDF
396,Bi-214,228,0,2505.46,0.13,0.0056,0.001,0.0,1-,19.71,2,m,1182.6,B-,99.979,0.0013,1-May-2021,Shaofei Zhu and E. A. McCutchan,2024-04-27,ENSDF
397,Bi-214,229,0,2694.66,0.13,0.03,0.0014,0.0,1-,19.71,2,m,1182.6,B-,99.979,0.0013,1-May-2021,Shaofei Zhu and E. A. McCutchan,2024-04-27,ENSDF
398,Bi-214,230,0,2699.21,0.2,0.00277,0.00023,0.0,1-,19.71,2,m,1182.6,B-,99.979,0.0013,1-May-2021,Shaofei Zhu and E. A. McCutchan,2024-04-27,ENSDF
399,Bi-214,231,0,2719.32,0.19,0.00177,0.00018,0.0,1-,19.71,2,m,1182.6,B-,99.979,0.0013,1-May-2021,Shaofei Zhu and E. A. McCutchan,2024-04-27,ENSDF
400,Bi-214,232,0,2769.92,0.15,0.0245,0.0014,0.0,1-,19.71,2,m,1182.6,B-,99.979,0.0013,1-May-2021,Shaofei Zhu and E. A. McCutchan,2024-04-27,ENSDF
401,Bi-214,233,0,2785.93,0.15,0.0055,0.0005,0.0,1-,19.71,2,m,1182.6,B-,99.979,0.0013,1-May-2021,Shaofei Zhu and E. A. McCutchan,2024-04-27,ENSDF
402,Bi-214,234,0,2826.96,0.19,0.0024,0.0003,0.0,1-,19.71,2,m,1182.6,B-,99.979,0.0013,1-May-2021,Shaofei Zhu and E. A. McCutchan,2024-04-27,ENSDF
403,Bi-214,235,0,2880.35,0.14,0.01,0.0014,0.0,1-,19.71,2,m,1182.6,B-,99.979,0.0013,1-May-2021,Shaofei Zhu and E. A. McCutchan,2024-04-27,ENSDF
404,Bi-214,236,0,2893.59,0.14,0.0059,0.0005,0.0,1-,19.71,2,m,1182.6,B-,99.979,0.0013,1-May-2021,Shaofei Zhu and E. A. McCutchan,2024-04-27,ENSDF
405,Bi-214,237,0,2921.97,0.15,0.0136,0.0009,0.0,1-,19.71,2,m,1182.6,B-,99.979,0.0013,1-May-2021,Shaofei Zhu and E. A. McCutchan,2024-04-27,ENSDF
406,Bi-214,238,0,2928.53,0.22,0.00109,9e-05,0.0,1-,19.71,2,m,1182.6,B-,99.979,0.0013,1-May-2021,Shaofei Zhu and E. A. McCutchan,2024-04-27,ENSDF
407,Bi-214,239,0,2940.0,,0.0036,0.0014,0.0,1-,19.71,2,m,1182.6,B-,99.979,0.0013,1-May-2021,Shaofei Zhu and E. A. McCutchan,2024-04-27,ENSDF
408,Bi-214,240,0,2978.94,0.15,0.0136,0.0005,0.0,1-,19.71,2,m,1182.6,B-,99.979,0.0013,1-May-2021,Shaofei Zhu and E. A. McCutchan,2024-04-27,ENSDF
409,Bi-214,241,0,3000.0,0.2,0.0086,0.0009,0.0,1-,19.71,2,m,1182.6,B-,99.979,0.0013,1-May-2021,Shaofei Zhu and E. A. McCutchan,2024-04-27,ENSDF
410,Bi-214,242,0,3053.9,0.2,0.0209,0.0023,0.0,1-,19.71,2,m,1182.6,B-,99.979,0.0013,1-May-2021,Shaofei Zhu and E. A. McCutchan,2024-04-27,ENSDF
411,Bi-214,243,0,3081.79,0.25,0.0059,0.0018,0.0,1-,19.71,2,m,1182.6,B-,99.979,0.0013,1-May-2021,Shaofei Zhu and E. A. McCutchan,2024-04-27,ENSDF
412,Bi-214,244,0,3142.6,0.4,0.00123,0.00014,0.0,1-,19.71,2,m,1182.6,B-,99.979,0.0013,1-May-2021,Shaofei Zhu and E. A. McCutchan,2024-04-27,ENSDF
413,Bi-214,245,0,3183.6,0.4,0.00136,0.00023,0.0,1-,19.71,2,m,1182.6,B-,99.979,0.0013,1-May-2021,Shaofei Zhu and E. A. McCutchan,2024-04-27,ENSDF
414,Bi-214,246,0,13.292,,0.6081949263906414,0.0266908281575301,0.0,1-,19.71,2,m,1182.6,B-,99.979,0.0013,1-May-2021,Shaofei Zhu and E. A. McCutchan,2024-04-27,ENSDF
415,Bi-214,247,0,76.862,,0.4120000589273293,0.0100346706540134,0.0,1-,19.71,2,m,1182.6,B-,99.979,0.0013,1-May-2021,Shaofei Zhu and E. A. McCutchan,2024-04-27,ENSDF
416,Bi-214,248,0,79.29,,0.6860950190296908,0.0164645965092316,0.0,1-,19.71,2,m,1182.6,B-,99.979,0.0013,1-May-2021,Shaofei Zhu and E. A. McCutchan,2024-04-27,ENSDF
417,Bi-214,249,0,89.837,,0.2362035179129517,0.0066355329518119,0.0,1-,19.71,2,m,1182.6,B-,99.979,0.0013,1-May-2021,Shaofei Zhu and E. A. McCutchan,2024-04-27,ENSDF
418,Bi-214,250,0,90.941,,0.3096628119838797,0.0086186422652554,0.0,1-,19.71,2,m,1182.6,B-,99.979,0.0013,1-May-2021,Shaofei Zhu and E. A. McCutchan,2024-04-27,ENSDF
419,Bi-214,251,0,92.315,,0.0734592940709279,0.0023776999298982,0.0,1-,19.71,2,m,1182.6,B-,99.979,0.0013,1-May-2021,Shaofei Zhu and E. A. McCutchan,2024-04-27,ENSDF
420,Tl-210,1,0,83.0,30.0,1.9792,0.3958404547289223,0.0,(5+),1.3,3,m,78.0,B-,100.0,,31-Mar-2014,M. SHAMSUZZOHA BASUNIA,2024-04-27,ENSDF
421,Tl-210,2,0,97.0,30.0,3.9584,1.979200363783313,0.0,(5+),1.3,3,m,78.0,B-,100.0,,31-Mar-2014,M. SHAMSUZZOHA BASUNIA,2024-04-27,ENSDF
422,Tl-210,3,0,296.0,3.0,79.168,9.89602910262495,0.0,(5+),1.3,3,m,78.0,B-,100.0,,31-Mar-2014,M. SHAMSUZZOHA BASUNIA,2024-04-27,ENSDF
423,Tl-210,4,0,356.0,10.0,3.9584,1.979200363783313,0.0,(5+),1.3,3,m,78.0,B-,100.0,,31-Mar-2014,M. SHAMSUZZOHA BASUNIA,2024-04-27,ENSDF
424,Tl-210,5,0,382.0,10.0,2.9688,1.979200204628122,0.0,(5+),1.3,3,m,78.0,B-,100.0,,31-Mar-2014,M. SHAMSUZZOHA BASUNIA,2024-04-27,ENSDF
425,Tl-210,6,0,480.0,20.0,1.9792,0.9896001818916568,0.0,(5+),1.3,3,m,78.0,B-,100.0,,31-Mar-2014,M. SHAMSUZZOHA BASUNIA,2024-04-27,ENSDF
426,Tl-210,7,0,670.0,20.0,1.9792,0.9896001818916568,0.0,(5+),1.3,3,m,78.0,B-,100.0,,31-Mar-2014,M. SHAMSUZZOHA BASUNIA,2024-04-27,ENSDF
427,Tl-210,8,1,799.6,0.3,98.96,0.03,0.0,(5+),1.3,3,m,78.0,B-,100.0,,31-Mar-2014,M. SHAMSUZZOHA BASUNIA,2024-04-27,ENSDF
428,Tl-210,9,0,860.0,30.0,6.9272,1.979201114086186,0.0,(5+),1.3,3,m,78.0,B-,100.0,,31-Mar-2014,M. SHAMSUZZOHA BASUNIA,2024-04-27,ENSDF
429,Tl-210,10,0,910.0,30.0,2.9688,1.979200204628122,0.0,(5+),1.3,3,m,78.0,B-,100.0,,31-Mar-2014,M. SHAMSUZZOHA BASUNIA,2024-04-27,ENSDF
430,Tl-210,11,0,1070.0,10.0,11.8752,4.948001309619875,0.0,(5+),1.3,3,m,78.0,B-,100.0,,31-Mar-2014,M. SHAMSUZZOHA BASUNIA,2024-04-27,ENSDF
431,Tl-210,12,0,1110.0,20.0,6.9272,1.979201114086186,0.0,(5+),1.3,3,m,78.0,B-,100.0,,31-Mar-2014,M. SHAMSUZZOHA BASUNIA,2024-04-27,ENSDF
432,Tl-210,13,0,1210.0,20.0,16.8232,3.958403285416988,0.0,(5+),1.3,3,m,78.0,B-,100.0,,31-Mar-2014,M. SHAMSUZZOHA BASUNIA,2024-04-27,ENSDF
433,Tl-210,14,0,1316.0,13.0,20.7816,4.948004010709773,0.0,(5+),1.3,3,m,78.0,B-,100.0,,31-Mar-2014,M. SHAMSUZZOHA BASUNIA,2024-04-27,ENSDF
434,Tl-210,15,0,1410.0,20.0,4.948,1.9792005684113976,0.0,(5+),1.3,3,m,78.0,B-,100.0,,31-Mar-2014,M. SHAMSUZZOHA BASUNIA,2024-04-27,ENSDF
435,Tl-210,16,0,1490.0,20.0,1.9792,0.9896001818916568,0.0,(5+),1.3,3,m,78.0,B-,100.0,,31-Mar-2014,M. SHAMSUZZOHA BASUNIA,2024-04-27,ENSDF
436,Tl-210,17,0,1540.0,30.0,1.9792,0.9896001818916568,0.0,(5+),1.3,3,m,78.0,B-,100.0,,31-Mar-2014,M. SHAMSUZZOHA BASUNIA,2024-04-27,ENSDF
437,Tl-210,18,0,1590.0,30.0,1.9792,0.9896001818916568,0.0,(5+),1.3,3,m,78.0,B-,100.0,,31-Mar-2014,M. SHAMSUZZOHA BASUNIA,2024-04-27,ENSDF
438,Tl-210,19,0,1650.0,30.0,1.9792,0.9896001818916568,0.0,(5+),1.3,3,m,78.0,B-,100.0,,31-Mar-2014,M. SHAMSUZZOHA BASUNIA,2024-04-27,ENSDF
439,Tl-210,20,0,2010.0,30.0,6.9272,1.979201114086186,0.0,(5+),1.3,3,m,78.0,B-,100.0,,31-Mar-2014,M. SHAMSUZZOHA BASUNIA,2024-04-27,ENSDF
440,Tl-210,21,0,2090.0,30.0,4.948,1.9792005684113976,0.0,(5+),1.3,3,m,78.0,B-,100.0,,31-Mar-2014,M. SHAMSUZZOHA BASUNIA,2024-04-27,ENSDF
441,Tl-210,22,0,2270.0,13.0,2.9688,1.979200204628122,0.0,(5+),1.3,3,m,78.0,B-,100.0,,31-Mar-2014,M. SHAMSUZZOHA BASUNIA,2024-04-27,ENSDF
442,Tl-210,23,0,2360.0,30.0,7.9168,2.9688009700887665,0.0,(5+),1.3,3,m,78.0,B-,100.0,,31-Mar-2014,M. SHAMSUZZOHA BASUNIA,2024-04-27,ENSDF
443,Tl-210,24,0,2430.0,30.0,8.9064,2.9688012277685414,0.0,(5+),1.3,3,m,78.0,B-,100.0,,31-Mar-2014,M. SHAMSUZZOHA BASUNIA,2024-04-27,ENSDF
444,Tl-210,25,0,12.522,,19.39859473742208,4.579036278333618,0.0,(5+),1.3,3,m,78.0,B-,100.0,,31-Mar-2014,M. SHAMSUZZOHA BASUNIA,2024-04-27,ENSDF
445,Tl-210,26,0,72.805,,2.5369346181029955,0.3657282848342628,0.0,(5+),1.3,3,m,78.0,B-,100.0,,31-Mar-2014,M. SHAMSUZZOHA BASUNIA,2024-04-27,ENSDF
446,Tl-210,27,0,74.97,,4.263755660677303,0.6144082595137619,0.0,(5+),1.3,3,m,78.0,B-,100.0,,31-Mar-2014,M. SHAMSUZZOHA BASUNIA,2024-04-27,ENSDF
447,Tl-210,28,0,84.986,,1.4572907740243497,0.2110945933754137,0.0,(5+),1.3,3,m,78.0,B-,100.0,,31-Mar-2014,M. SHAMSUZZOHA BASUNIA,2024-04-27,ENSDF
448,Tl-210,29,0,86.022,,1.897392587779703,0.2747485575601443,0.0,(5+),1.3,3,m,78.0,B-,100.0,,31-Mar-2014,M. SHAMSUZZOHA BASUNIA,2024-04-27,ENSDF
449,Tl-210,30,0,87.301,,0.4401018137553535,0.064165623415061,0.0,(5+),1.3,3,m,78.0,B-,100.0,,31-Mar-2014,M. SHAMSUZZOHA BASUNIA,2024-04-27,ENSDF
450,Po-214,1,1,799.7,0.1,0.010353,0.0006448263332091,0.0,0+,163.46,4,us,0.00016346,A,100.0,,31-Mar-2014,M. SHAMSUZZOHA BASUNIA,2024-04-27,ENSDF
451,Pb-210,1,0,46.539,0.001,4.25,0.04,0.0,0+,22.2,22,Y,700563756.6359425,B-,100.0,,31-Mar-2014,M. SHAMSUZZOHA BASUNIA,2024-04-27,ENSDF
452,Pb-210,2,0,12.904,,22.66627,1.0027411830539374,0.0,0+,22.2,22,Y,700563756.6359425,B-,100.0,,31-Mar-2014,M. SHAMSUZZOHA BASUNIA,2024-04-27,ENSDF
453,Hg-206,1,0,265.832,0.005,0.0035,0.0007,0.0,0+,8.32,7,m,499.2,B-,100.0,,31-Jan-2008,F.G. KONDEV,2024-04-27,ENSDF
454,Hg-206,2,1,304.896,0.006,26.0,5.0,0.0,0+,8.32,7,m,499.2,B-,100.0,,31-Jan-2008,F.G. KONDEV,2024-04-27,ENSDF
455,Hg-206,3,0,344.52,0.17,0.55,0.11,0.0,0+,8.32,7,m,499.2,B-,100.0,,31-Jan-2008,F.G. KONDEV,2024-04-27,ENSDF
456,Hg-206,4,0,383.59,0.06,0.0035,0.0005,0.0,0+,8.32,7,m,499.2,B-,100.0,,31-Jan-2008,F.G. KONDEV,2024-04-27,ENSDF
457,Hg-206,5,0,649.42,0.05,2.2,0.3,0.0,0+,8.32,7,m,499.2,B-,100.0,,31-Jan-2008,F.G. KONDEV,2024-04-27,ENSDF
458,Hg-206,6,0,12.148,,2.9504874547712,0.4844620186575134,0.0,0+,8.32,7,m,499.2,B-,100.0,,31-Jan-2008,F.G. KONDEV,2024-04-27,ENSDF
459,Hg-206,7,0,70.832,,2.299062733096421,0.432531605528366,0.0,0+,8.32,7,m,499.2,B-,100.0,,31-Jan-2008,F.G. KONDEV,2024-04-27,ENSDF
460,Hg-206,8,0,72.874,,3.880929664241089,0.7299506635549972,0.0,0+,8.32,7,m,499.2,B-,100.0,,31-Jan-2008,F.G. KONDEV,2024-04-27,ENSDF
461,Hg-206,9,0,82.629,,1.3198595944969085,0.2490217691117854,0.0,0+,8.32,7,m,499.2,B-,100.0,,31-Jan-2008,F.G. KONDEV,2024-04-27,ENSDF
462,Hg-206,10,0,83.631,,1.7118578940624902,0.322913807586408,0.0,0+,8.32,7,m,499.2,B-,100.0,,31-Jan-2008,F.G. KONDEV,2024-04-27,ENSDF
463,Hg-206,11,0,84.866,,0.3919982995655818,0.0742533047066523,0.0,0+,8.32,7,m,499.2,B-,100.0,,31-Jan-2008,F.G. KONDEV,2024-04-27,ENSDF
464,Tl-206,16,0,803.06,0.03,0.005,0.0005,0.0,0-,4.202,11,m,252.12,B-,100.0,,31-Jan-2008,F.G. KONDEV,2024-04-27,ENSDF
465,Po-210,1,1,803.06,0.03,0.00103,6e-05,0.0,0+,138.376,2,d,11955686.4,A,100.0,,31-Jan-2008,F.G. KONDEV,2024-04-27,ENSDF
