,z,n,symbol,start_level_idx,start_level_energy,unc_sle,start_level_jp,end_level_idx,end_level_energy,unc_ele,end_level_jp,gamma_idx,energy,unc_en,relative_intensity,unc_ri,multipolarity,mixing_ratio,unc_mr,b_e1,unc_be1,b_e2,unc_be2,b_m1,unc_bm1,b_m2,unc_bm2,tot_conv_coeff,tce_unc,ensdf_publication_cut-off,ensdf_authors,Extraction_date
0,84,126,Po,1,1181.398,0.01,2+,0,0.0,,0+,0,1181.39,0.01,100.0,,E2,,,,,0.56,,,,,,0.00535,,31-Mar-2014,M. SHAMSUZZOHA BASUNIA,2024-04-27
1,84,126,Po,2,1426.701,0.014,4+,1,1181.398,0.01,2+,0,245.31,0.01,100.0,,E2,,,,,4.46,,,,,,0.236,,31-Mar-2014,M. SHAMSUZZOHA BASUNIA,2024-04-27
2,84,126,Po,3,1473.357,0.021,6+,2,1426.701,0.014,4+,0,46.85,0.05,100.0,,E2,,,,,3.05,,,,,,259.0,,31-Mar-2014,M. SHAMSUZZOHA BASUNIA,2024-04-27
3,84,126,Po,4,1556.97,0.03,8+,3,1473.357,0.021,6+,0,83.54,0.08,100.0,,E2,,,,,1.12,,,,,,15.97,,31-Mar-2014,M. SHAMSUZZOHA BASUNIA,2024-04-27
4,84,126,Po,5,2187.96,0.04,8+,4,1556.97,0.03,8+,0,630.97,0.01,100.0,,M1+E2,0.52,0.05,,,,,,,,,0.0583,0.0019,31-Mar-2014,M. SHAMSUZZOHA BASUNIA,2024-04-27
5,84,126,Po,6,2290.14,0.04,2+,1,1181.398,0.01,2+,0,1108.55,0.07,11.2,1.1,M1+E2,0.61,0.31,,,,,,,,,0.0133,0.0019,31-Mar-2014,M. SHAMSUZZOHA BASUNIA,2024-04-27
6,84,126,Po,6,2290.14,0.04,2+,0,0.0,,0+,1,2290.22,0.05,100.0,2.0,E2,,,,,,,,,,,0.00198,,31-Mar-2014,M. SHAMSUZZOHA BASUNIA,2024-04-27
7,84,126,Po,7,2326.018,0.023,6+,4,1556.97,0.03,8+,0,769.2,0.06,3.7,0.3,,,,,,,,,,,,,,31-Mar-2014,M. SHAMSUZZOHA BASUNIA,2024-04-27
8,84,126,Po,7,2326.018,0.023,6+,3,1473.357,0.021,6+,1,852.66,0.01,100.0,1.0,M1+E2,0.59,0.15,,,,,,,,,0.0259,0.0021,31-Mar-2014,M. SHAMSUZZOHA BASUNIA,2024-04-27
9,84,126,Po,7,2326.018,0.023,6+,2,1426.701,0.014,4+,2,899.23,0.14,1.9,0.3,,,,,,,,,,,,,,31-Mar-2014,M. SHAMSUZZOHA BASUNIA,2024-04-27
10,84,126,Po,8,2382.543,0.017,4+,6,2290.14,0.04,2+,0,92.1,0.2,0.05,0.02,(E2),,,,,,,,,,,10.07,0.18,31-Mar-2014,M. SHAMSUZZOHA BASUNIA,2024-04-27
11,84,126,Po,8,2382.543,0.017,4+,3,1473.357,0.021,6+,1,909.0,0.08,5.9,0.4,,,,,,,,,,,,,,31-Mar-2014,M. SHAMSUZZOHA BASUNIA,2024-04-27
12,84,126,Po,8,2382.543,0.017,4+,2,1426.701,0.014,4+,2,955.84,0.01,100.0,1.4,M1+E2,0.47,0.17,,,,,,,,,0.0206,0.0017,31-Mar-2014,M. SHAMSUZZOHA BASUNIA,2024-04-27
13,84,126,Po,8,2382.543,0.017,4+,1,1181.398,0.01,2+,3,1201.46,0.13,6.8,0.9,E2,,,,,,,,,,,0.00518,,31-Mar-2014,M. SHAMSUZZOHA BASUNIA,2024-04-27
14,84,126,Po,9,2386.784,0.019,3-,2,1426.701,0.014,4+,0,960.01,0.05,11.3,0.6,E1,,,,,,,,,,,0.00292,,31-Mar-2014,M. SHAMSUZZOHA BASUNIA,2024-04-27
15,84,126,Po,9,2386.784,0.019,3-,1,1181.398,0.01,2+,1,1205.38,0.02,100.0,1.5,E1,,,,,,,,,,,0.00197,,31-Mar-2014,M. SHAMSUZZOHA BASUNIA,2024-04-27
16,84,126,Po,9,2386.784,0.019,3-,0,0.0,,0+,2,2386.8,0.3,1.0,0.3,[E3],,,,,,,,,,,0.00309,,31-Mar-2014,M. SHAMSUZZOHA BASUNIA,2024-04-27
17,84,126,Po,10,2393.78,0.06,1+,1,1181.398,0.01,2+,0,1212.18,0.16,37.0,6.0,,,,,,,,,,,,,,31-Mar-2014,M. SHAMSUZZOHA BASUNIA,2024-04-27
18,84,126,Po,10,2393.78,0.06,1+,0,0.0,,0+,1,2393.79,0.07,100.0,5.0,M1,,,,,,,,,,,0.00295,,31-Mar-2014,M. SHAMSUZZOHA BASUNIA,2024-04-27
19,84,126,Po,11,2403.282,0.021,5+,8,2382.543,0.017,4+,0,20.72,,0.1,0.06,[M1],,,,,,,,,,,214.0,,31-Mar-2014,M. SHAMSUZZOHA BASUNIA,2024-04-27
20,84,126,Po,11,2403.282,0.021,5+,7,2326.018,0.023,6+,1,77.2,0.2,6.7,1.8,M1,,,,,,,,,,,4.47,0.08,31-Mar-2014,M. SHAMSUZZOHA BASUNIA,2024-04-27
21,84,126,Po,11,2403.282,0.021,5+,3,1473.357,0.021,6+,2,929.93,0.02,99.6,2.0,M1+E2,0.72,0.11,,,,,,,,,0.0194,0.0012,31-Mar-2014,M. SHAMSUZZOHA BASUNIA,2024-04-27
22,84,126,Po,11,2403.282,0.021,5+,2,1426.701,0.014,4+,3,976.55,0.02,100.0,2.0,M1+E2,0.61,0.2,,,,,,,,,0.0182,0.0019,31-Mar-2014,M. SHAMSUZZOHA BASUNIA,2024-04-27
23,84,126,Po,12,2413.834,0.025,3+,6,2290.14,0.04,2+,0,123.77,0.1,8.4,1.3,M1 E2,,,,,,,,,,,4.5,1.6,31-Mar-2014,M. SHAMSUZZOHA BASUNIA,2024-04-27
24,84,126,Po,12,2413.834,0.025,3+,2,1426.701,0.014,4+,1,987.12,0.1,15.8,2.2,M1,,,,,,,,,,,0.0215,,31-Mar-2014,M. SHAMSUZZOHA BASUNIA,2024-04-27
25,84,126,Po,12,2413.834,0.025,3+,1,1181.398,0.01,2+,2,1232.36,0.03,100.0,4.0,M1+E2,1.15,0.16,,,,,,,,,0.0081,0.0006,31-Mar-2014,M. SHAMSUZZOHA BASUNIA,2024-04-27
26,84,126,Po,13,2438.36,0.03,7+,7,2326.018,0.023,6+,0,112.29,0.1,6.5,1.1,(M1),,,,,,,,,,,7.98,,31-Mar-2014,M. SHAMSUZZOHA BASUNIA,2024-04-27
27,84,126,Po,13,2438.36,0.03,7+,5,2187.96,0.04,8+,1,250.35,0.03,76.0,5.0,M1,,,,,,,,,,,0.832,,31-Mar-2014,M. SHAMSUZZOHA BASUNIA,2024-04-27
28,84,126,Po,13,2438.36,0.03,7+,4,1556.97,0.03,8+,2,881.39,0.02,100.0,2.0,M1+E2,0.56,0.17,,,,,,,,,0.0242,0.0022,31-Mar-2014,M. SHAMSUZZOHA BASUNIA,2024-04-27
29,84,126,Po,13,2438.36,0.03,7+,3,1473.357,0.021,6+,3,965.01,0.03,66.5,0.2,M1+E2,1.0,0.2,,,,,,,,,0.0153,0.0017,31-Mar-2014,M. SHAMSUZZOHA BASUNIA,2024-04-27
30,84,126,Po,14,2608.58,0.06,0+,10,2393.78,0.06,1+,0,214.8,0.08,42.0,,,,,,,,,,,,,,,31-Mar-2014,M. SHAMSUZZOHA BASUNIA,2024-04-27
31,84,126,Po,14,2608.58,0.06,0+,1,1181.398,0.01,2+,1,1427.2,0.1,100.0,49.0,E2,,,,,,,,,,,0.0038,,31-Mar-2014,M. SHAMSUZZOHA BASUNIA,2024-04-27
32,84,126,Po,14,2608.58,0.06,0+,0,0.0,,0+,2,2608.56,0.1,,,E0,,,,,,,,,,,,,31-Mar-2014,M. SHAMSUZZOHA BASUNIA,2024-04-27
33,84,126,Po,16,2845.97,0.07,(3)-,9,2386.784,0.019,3-,0,459.0,0.3,38.0,17.0,M1,,,,,,,,,,,0.16,,31-Mar-2014,M. SHAMSUZZOHA BASUNIA,2024-04-27
34,84,126,Po,16,2845.97,0.07,(3)-,1,1181.398,0.01,2+,1,1664.57,0.07,100.0,9.0,E1+M2,0.25,0.05,,,,,,,,,0.0021,0.0003,31-Mar-2014,M. SHAMSUZZOHA BASUNIA,2024-04-27
35,84,126,Po,17,2849.17,0.04,11-,5,2187.96,0.04,8+,0,661.17,0.03,4.88,0.24,E3,,,,,,,,,,,0.0484,,31-Mar-2014,M. SHAMSUZZOHA BASUNIA,2024-04-27
36,84,126,Po,17,2849.17,0.04,11-,4,1556.97,0.03,8+,1,1292.2,0.01,100.0,1.0,E3,,,,,,,,,,,0.00981,,31-Mar-2014,M. SHAMSUZZOHA BASUNIA,2024-04-27
37,84,126,Po,19,2910.059,0.019,5-,11,2403.282,0.021,5+,0,506.8,0.2,1.5,0.04,E1,,,,,,,,,,,0.00998,,31-Mar-2014,M. SHAMSUZZOHA BASUNIA,2024-04-27
38,84,126,Po,19,2910.059,0.019,5-,8,2382.543,0.017,4+,1,527.4,0.2,1.5,0.3,E1,,,,,,,,,,,0.0092,,31-Mar-2014,M. SHAMSUZZOHA BASUNIA,2024-04-27
39,84,126,Po,19,2910.059,0.019,5-,3,1473.357,0.021,6+,2,1436.7,0.02,61.0,1.6,E1,,,,,,,,,,,0.00157,,31-Mar-2014,M. SHAMSUZZOHA BASUNIA,2024-04-27
40,84,126,Po,19,2910.059,0.019,5-,2,1426.701,0.014,4+,3,1483.39,0.02,100.0,2.0,E1,,,,,,,,,,,0.00152,,31-Mar-2014,M. SHAMSUZZOHA BASUNIA,2024-04-27
41,84,126,Po,20,2999.48,0.04,(9)-,5,2187.96,0.04,8+,0,811.51,0.01,100.0,2.0,E1,,,,,,,,,,,0.00398,,31-Mar-2014,M. SHAMSUZZOHA BASUNIA,2024-04-27
42,84,126,Po,20,2999.48,0.04,(9)-,4,1556.97,0.03,8+,1,1442.6,0.03,32.4,1.6,E1+M2,0.18,0.03,,,,,,,,,0.00211,0.0002,31-Mar-2014,M. SHAMSUZZOHA BASUNIA,2024-04-27
43,84,126,Po,21,3016.49,0.03,(7)-,13,2438.36,0.03,7+,0,578.01,0.05,19.7,1.7,E1+M2,0.25,0.05,,,,,,,,,0.021,0.006,31-Mar-2014,M. SHAMSUZZOHA BASUNIA,2024-04-27
44,84,126,Po,21,3016.49,0.03,(7)-,7,2326.018,0.023,6+,1,690.6,0.2,35.0,7.0,,,,,,,,,,,,,,31-Mar-2014,M. SHAMSUZZOHA BASUNIA,2024-04-27
45,84,126,Po,21,3016.49,0.03,(7)-,4,1556.97,0.03,8+,2,1460.0,1.0,55.0,,,,,,,,,,,,,,,31-Mar-2014,M. SHAMSUZZOHA BASUNIA,2024-04-27
46,84,126,Po,21,3016.49,0.03,(7)-,3,1473.357,0.021,6+,3,1543.14,0.02,100.0,2.4,E1,,,,,,,,,,,0.00148,,31-Mar-2014,M. SHAMSUZZOHA BASUNIA,2024-04-27
47,84,126,Po,22,3023.74,0.05,(2)-,12,2413.834,0.025,3+,0,609.94,0.1,30.0,6.0,,,,,,,,,,,,,,31-Mar-2014,M. SHAMSUZZOHA BASUNIA,2024-04-27
48,84,126,Po,22,3023.74,0.05,(2)-,9,2386.784,0.019,3-,1,636.95,0.05,100.0,5.0,M1,,,,,,,,,,,0.0672,,31-Mar-2014,M. SHAMSUZZOHA BASUNIA,2024-04-27
49,84,126,Po,23,3026.437,0.021,5-,19,2910.059,0.019,5-,0,116.47,0.03,9.8,1.3,M1,,,,,,,,,,,7.19,,31-Mar-2014,M. SHAMSUZZOHA BASUNIA,2024-04-27
50,84,126,Po,23,3026.437,0.021,5-,11,2403.282,0.021,5+,1,622.83,0.23,3.9,1.3,E1,,,,,,,,,,,0.00659,,31-Mar-2014,M. SHAMSUZZOHA BASUNIA,2024-04-27
51,84,126,Po,23,3026.437,0.021,5-,9,2386.784,0.019,3-,2,639.56,0.16,8.0,3.0,E2,,,,,,,,,,,0.0183,,31-Mar-2014,M. SHAMSUZZOHA BASUNIA,2024-04-27
52,84,126,Po,23,3026.437,0.021,5-,8,2382.543,0.017,4+,3,643.8,0.2,3.4,0.15,E1,,,,,,,,,,,0.00618,,31-Mar-2014,M. SHAMSUZZOHA BASUNIA,2024-04-27
53,84,126,Po,23,3026.437,0.021,5-,3,1473.357,0.021,6+,4,1553.0,0.5,0.8,,,,,,,,,,,,,,,31-Mar-2014,M. SHAMSUZZOHA BASUNIA,2024-04-27
54,84,126,Po,23,3026.437,0.021,5-,2,1426.701,0.014,4+,5,1599.7,0.02,100.0,3.0,E1,,,,,,,,,,,0.00144,,31-Mar-2014,M. SHAMSUZZOHA BASUNIA,2024-04-27
55,84,126,Po,24,3075.08,0.03,(4)-,12,2413.834,0.025,3+,0,661.17,0.03,9.0,3.0,,,,,,,,,,,,,,31-Mar-2014,M. SHAMSUZZOHA BASUNIA,2024-04-27
56,84,126,Po,24,3075.08,0.03,(4)-,9,2386.784,0.019,3-,1,688.2,0.1,53.0,8.0,,,,,,,,,,,,,,31-Mar-2014,M. SHAMSUZZOHA BASUNIA,2024-04-27
57,84,126,Po,24,3075.08,0.03,(4)-,8,2382.543,0.017,4+,2,692.4,0.2,15.0,8.0,,,,,,,,,,,,,,31-Mar-2014,M. SHAMSUZZOHA BASUNIA,2024-04-27
58,84,126,Po,24,3075.08,0.03,(4)-,2,1426.701,0.014,4+,3,1648.45,0.03,100.0,3.0,E1,,,,,,,,,,,0.00142,,31-Mar-2014,M. SHAMSUZZOHA BASUNIA,2024-04-27
59,84,126,Po,25,3094.53,0.14,4+,11,2403.282,0.021,5+,0,691.2,0.2,100.0,14.0,M1+E2,0.67,0.31,,,,,,,,,0.042,0.008,31-Mar-2014,M. SHAMSUZZOHA BASUNIA,2024-04-27
60,84,126,Po,25,3094.53,0.14,4+,7,2326.018,0.023,6+,1,768.9,0.5,11.0,5.0,,,,,,,,,,,,,,31-Mar-2014,M. SHAMSUZZOHA BASUNIA,2024-04-27
61,84,126,Po,25,3094.53,0.14,4+,2,1426.701,0.014,4+,2,1667.9,0.5,9.0,4.0,,,,,,,,,,,,,,31-Mar-2014,M. SHAMSUZZOHA BASUNIA,2024-04-27
62,84,126,Po,25,3094.53,0.14,4+,1,1181.398,0.01,2+,3,1913.1,0.21,10.0,1.8,E2,,,,,,,,,,,0.00242,,31-Mar-2014,M. SHAMSUZZOHA BASUNIA,2024-04-27
63,84,126,Po,26,3111.646,0.024,4-,19,2910.059,0.019,5-,0,201.6,0.03,29.0,4.0,M1,,,,,,,,,,,1.52,,31-Mar-2014,M. SHAMSUZZOHA BASUNIA,2024-04-27
64,84,126,Po,26,3111.646,0.024,4-,9,2386.784,0.019,3-,1,724.86,0.02,100.0,11.0,M1+E2,1.02,0.27,,,,,,,,,0.031,0.005,31-Mar-2014,M. SHAMSUZZOHA BASUNIA,2024-04-27
65,84,126,Po,26,3111.646,0.024,4-,8,2382.543,0.017,4+,2,728.4,0.4,8.0,3.0,,,,,,,,,,,,,,31-Mar-2014,M. SHAMSUZZOHA BASUNIA,2024-04-27
66,84,126,Po,26,3111.646,0.024,4-,2,1426.701,0.014,4+,3,1684.6,0.4,13.0,4.0,E1,,,,,,,,,,,0.0014,,31-Mar-2014,M. SHAMSUZZOHA BASUNIA,2024-04-27
67,84,126,Po,27,3125.15,0.03,(6)-,11,2403.282,0.021,5+,0,721.84,0.03,100.0,9.0,E1,,,,,,,,,,,0.00496,,31-Mar-2014,M. SHAMSUZZOHA BASUNIA,2024-04-27
68,84,126,Po,27,3125.15,0.03,(6)-,7,2326.018,0.023,6+,1,799.19,0.04,55.0,4.0,E1,,,,,,,,,,,0.00409,,31-Mar-2014,M. SHAMSUZZOHA BASUNIA,2024-04-27
69,84,126,Po,28,3137.99,0.05,(8)-,13,2438.36,0.03,7+,0,699.51,0.25,83.0,14.0,E1,,,,,,,,,,,0.00526,,31-Mar-2014,M. SHAMSUZZOHA BASUNIA,2024-04-27
70,84,126,Po,28,3137.99,0.05,(8)-,5,2187.96,0.04,8+,1,949.97,0.04,100.0,8.0,E1+M2,0.14,0.04,,,,,,,,,0.004,0.0007,31-Mar-2014,M. SHAMSUZZOHA BASUNIA,2024-04-27
71,84,126,Po,28,3137.99,0.05,(8)-,4,1556.97,0.03,8+,2,1581.09,0.04,100.0,6.0,E1+M2,0.25,0.05,,,,,,,,,0.0023,0.0004,31-Mar-2014,M. SHAMSUZZOHA BASUNIA,2024-04-27
72,84,126,Po,29,3182.79,0.04,10-,20,2999.48,0.04,(9)-,0,183.31,0.03,19.8,2.5,M1,,,,,,,,,,,1.98,,31-Mar-2014,M. SHAMSUZZOHA BASUNIA,2024-04-27
73,84,126,Po,29,3182.79,0.04,10-,17,2849.17,0.04,11-,1,333.61,0.02,100.0,2.0,M1,,,,,,,,,,,0.378,,31-Mar-2014,M. SHAMSUZZOHA BASUNIA,2024-04-27
74,84,126,Po,29,3182.79,0.04,10-,4,1556.97,0.03,8+,2,1625.91,0.06,14.9,1.4,M2+E3,0.44,0.32,,,,,,,,,0.0128,0.0017,31-Mar-2014,M. SHAMSUZZOHA BASUNIA,2024-04-27
75,84,126,Po,30,3218.98,0.05,(6)+,13,2438.36,0.03,7+,0,780.62,0.03,100.0,3.0,M1+E2,0.59,0.18,,,,,,,,,0.032,0.004,31-Mar-2014,M. SHAMSUZZOHA BASUNIA,2024-04-27
76,84,126,Po,30,3218.98,0.05,(6)+,5,2187.96,0.04,8+,1,1030.6,0.5,8.0,3.0,,,,,,,,,,,,,,31-Mar-2014,M. SHAMSUZZOHA BASUNIA,2024-04-27
77,84,126,Po,30,3218.98,0.05,(6)+,3,1473.357,0.021,6+,2,1745.98,0.29,69.0,32.0,M1+E2,3.0,,,,,,,,,,0.00299,,31-Mar-2014,M. SHAMSUZZOHA BASUNIA,2024-04-27
78,84,126,Po,31,3428.59,0.03,5-,26,3111.646,0.024,4-,0,316.99,0.09,20.6,1.5,M1,,,,,,,,,,,0.435,,31-Mar-2014,M. SHAMSUZZOHA BASUNIA,2024-04-27
79,84,126,Po,31,3428.59,0.03,5-,23,3026.437,0.021,5-,1,402.15,0.02,100.0,2.5,M1,,,,,,,,,,,0.228,,31-Mar-2014,M. SHAMSUZZOHA BASUNIA,2024-04-27
80,84,126,Po,31,3428.59,0.03,5-,19,2910.059,0.019,5-,2,518.3,0.2,20.0,10.0,M1,,,,,,,,,,,0.1158,,31-Mar-2014,M. SHAMSUZZOHA BASUNIA,2024-04-27
81,84,126,Po,31,3428.59,0.03,5-,9,2386.784,0.019,3-,3,1041.7,0.3,35.0,10.0,(E2),,,,,,,,,,,0.0068,,31-Mar-2014,M. SHAMSUZZOHA BASUNIA,2024-04-27
82,84,126,Po,31,3428.59,0.03,5-,8,2382.543,0.017,4+,4,1046.3,0.3,16.1,2.0,,,,,,,,,,,,,,31-Mar-2014,M. SHAMSUZZOHA BASUNIA,2024-04-27
83,84,126,Po,31,3428.59,0.03,5-,3,1473.357,0.021,6+,5,1955.14,0.06,45.0,3.0,E1,,,,,,,,,,,0.00136,,31-Mar-2014,M. SHAMSUZZOHA BASUNIA,2024-04-27
84,84,126,Po,31,3428.59,0.03,5-,2,1426.701,0.014,4+,6,2001.7,0.2,14.0,1.0,,,,,,,,,,,,,,31-Mar-2014,M. SHAMSUZZOHA BASUNIA,2024-04-27
85,84,126,Po,32,3477.26,0.21,,5,2187.96,0.04,8+,0,1289.3,0.2,100.0,,,,,,,,,,,,,,,31-Mar-2014,M. SHAMSUZZOHA BASUNIA,2024-04-27
86,84,126,Po,33,3525.37,0.04,6-,23,3026.437,0.021,5-,0,499.06,0.07,28.0,5.0,M1,,,,,,,,,,,0.1281,,31-Mar-2014,M. SHAMSUZZOHA BASUNIA,2024-04-27
87,84,126,Po,33,3525.37,0.04,6-,19,2910.059,0.019,5-,1,615.26,0.04,100.0,6.0,M1+E2,1.1,0.2,,,,,,,,,0.044,0.006,31-Mar-2014,M. SHAMSUZZOHA BASUNIA,2024-04-27
88,84,126,Po,33,3525.37,0.04,6-,13,2438.36,0.03,7+,2,1087.02,0.06,60.0,7.0,(E1+M2),0.29,0.06,,,,,,,,,0.0053,0.0012,31-Mar-2014,M. SHAMSUZZOHA BASUNIA,2024-04-27
89,84,126,Po,33,3525.37,0.04,6-,11,2403.282,0.021,5+,3,1122.0,0.2,86.0,20.0,(E1+M2),0.39,0.15,,,,,,,,,0.007,0.004,31-Mar-2014,M. SHAMSUZZOHA BASUNIA,2024-04-27
90,84,126,Po,33,3525.37,0.04,6-,3,1473.357,0.021,6+,4,2052.1,0.3,17.0,4.0,(E1),,,,,,,,,,,0.00136,,31-Mar-2014,M. SHAMSUZZOHA BASUNIA,2024-04-27
91,84,126,Po,34,3637.49,0.2,,9,2386.784,0.019,3-,0,1250.7,0.2,100.0,,,,,,,,,,,,,,,31-Mar-2014,M. SHAMSUZZOHA BASUNIA,2024-04-27
92,84,126,Po,35,3685.41,0.05,7-,7,2326.018,0.023,6+,0,1359.55,0.07,46.0,5.0,,,,,,,,,,,,,,31-Mar-2014,M. SHAMSUZZOHA BASUNIA,2024-04-27
93,84,126,Po,35,3685.41,0.05,7-,5,2187.96,0.04,8+,1,1497.41,0.05,100.0,5.0,E1,,,,,,,,,,,0.00151,,31-Mar-2014,M. SHAMSUZZOHA BASUNIA,2024-04-27
94,84,126,Po,35,3685.41,0.05,7-,4,1556.97,0.03,8+,2,2128.08,0.15,43.0,4.0,E1,,,,,,,,,,,0.00137,,31-Mar-2014,M. SHAMSUZZOHA BASUNIA,2024-04-27
95,84,126,Po,35,3685.41,0.05,7-,3,1473.357,0.021,6+,3,2211.81,0.22,45.0,6.0,E1,,,,,,,,,,,0.00138,,31-Mar-2014,M. SHAMSUZZOHA BASUNIA,2024-04-27
96,84,126,Po,36,3693.89,0.2,,9,2386.784,0.019,3-,0,1307.1,0.2,100.0,,,,,,,,,,,,,,,31-Mar-2014,M. SHAMSUZZOHA BASUNIA,2024-04-27
97,84,126,Po,37,3699.61,0.06,5-,9,2386.784,0.019,3-,0,1312.39,0.2,19.0,4.0,E2,,,,,,,,,,,0.00441,,31-Mar-2014,M. SHAMSUZZOHA BASUNIA,2024-04-27
98,84,126,Po,37,3699.61,0.06,5-,7,2326.018,0.023,6+,1,1373.58,0.22,25.0,6.0,,,,,,,,,,,,,,31-Mar-2014,M. SHAMSUZZOHA BASUNIA,2024-04-27
99,84,126,Po,37,3699.61,0.06,5-,6,2290.14,0.04,2+,2,1409.4,0.2,18.0,,(E3),,,,,,,,,,,0.00817,,31-Mar-2014,M. SHAMSUZZOHA BASUNIA,2024-04-27
100,84,126,Po,37,3699.61,0.06,5-,3,1473.357,0.021,6+,3,2226.61,0.14,32.0,5.0,E1+M2,0.61,0.19,,,,,,,,,0.0028,0.0007,31-Mar-2014,M. SHAMSUZZOHA BASUNIA,2024-04-27
101,84,126,Po,37,3699.61,0.06,5-,2,1426.701,0.014,4+,4,2272.86,0.07,100.0,6.0,E1,,,,,,,,,,,0.00139,,31-Mar-2014,M. SHAMSUZZOHA BASUNIA,2024-04-27
102,84,126,Po,38,3711.01,0.09,(5-),11,2403.282,0.021,5+,0,1307.26,0.15,59.0,13.0,,,,,,,,,,,,,,31-Mar-2014,M. SHAMSUZZOHA BASUNIA,2024-04-27
103,84,126,Po,38,3711.01,0.09,(5-),3,1473.357,0.021,6+,1,2238.17,0.23,95.0,13.0,(E1),,,,,,,,,,,0.00138,,31-Mar-2014,M. SHAMSUZZOHA BASUNIA,2024-04-27
104,84,126,Po,38,3711.01,0.09,(5-),2,1426.701,0.014,4+,2,2284.42,0.11,100.0,16.0,,,,,,,,,,,,,,31-Mar-2014,M. SHAMSUZZOHA BASUNIA,2024-04-27
105,84,126,Po,39,3727.34,0.06,(6)-,33,3525.37,0.04,6-,0,201.8,0.2,9.0,1.8,M1,,,,,,,,,,,1.516,,31-Mar-2014,M. SHAMSUZZOHA BASUNIA,2024-04-27
106,84,126,Po,39,3727.34,0.06,(6)-,31,3428.59,0.03,5-,1,298.38,0.1,19.0,3.0,M1,,,,,,,,,,,0.513,,31-Mar-2014,M. SHAMSUZZOHA BASUNIA,2024-04-27
107,84,126,Po,39,3727.34,0.06,(6)-,27,3125.15,0.03,(6)-,2,602.5,0.2,7.0,1.1,M1,,,,,,,,,,,0.0778,,31-Mar-2014,M. SHAMSUZZOHA BASUNIA,2024-04-27
108,84,126,Po,39,3727.34,0.06,(6)-,23,3026.437,0.021,5-,3,701.0,0.2,27.0,1.0,M1,,,,,,,,,,,0.0523,,31-Mar-2014,M. SHAMSUZZOHA BASUNIA,2024-04-27
109,84,126,Po,39,3727.34,0.06,(6)-,19,2910.059,0.019,5-,4,817.23,0.1,100.0,10.0,M1+E2,0.53,0.23,,,,,,,,,0.03,0.004,31-Mar-2014,M. SHAMSUZZOHA BASUNIA,2024-04-27
110,84,126,Po,39,3727.34,0.06,(6)-,13,2438.36,0.03,7+,5,1289.29,0.16,88.0,12.0,,,,,,,,,,,,,,31-Mar-2014,M. SHAMSUZZOHA BASUNIA,2024-04-27
111,84,126,Po,39,3727.34,0.06,(6)-,11,2403.282,0.021,5+,6,1324.1,0.2,27.0,1.0,,,,,,,,,,,,,,31-Mar-2014,M. SHAMSUZZOHA BASUNIA,2024-04-27
112,84,126,Po,39,3727.34,0.06,(6)-,3,1473.357,0.021,6+,7,2254.28,0.12,70.0,10.0,E1,,,,,,,,,,,0.00138,,31-Mar-2014,M. SHAMSUZZOHA BASUNIA,2024-04-27
113,84,126,Po,40,3779.91,0.06,(4 5)-,19,2910.059,0.019,5-,0,870.01,0.08,100.0,13.0,M1+E2,2.0,,,,,,,,,,0.022,0.008,31-Mar-2014,M. SHAMSUZZOHA BASUNIA,2024-04-27
114,84,126,Po,40,3779.91,0.06,(4 5)-,3,1473.357,0.021,6+,1,2306.2,0.3,28.0,2.0,,,,,,,,,,,,,,31-Mar-2014,M. SHAMSUZZOHA BASUNIA,2024-04-27
115,84,126,Po,40,3779.91,0.06,(4 5)-,2,1426.701,0.014,4+,2,2353.02,0.09,94.0,8.0,E1,,,,,,,,,,,0.0014,,31-Mar-2014,M. SHAMSUZZOHA BASUNIA,2024-04-27
116,84,126,Po,41,3780.2,0.05,7-,7,2326.018,0.023,6+,0,1453.7,0.2,14.0,4.0,E1+M2,0.17,,,,,,,,,,0.01,0.009,31-Mar-2014,M. SHAMSUZZOHA BASUNIA,2024-04-27
117,84,126,Po,41,3780.2,0.05,7-,5,2187.96,0.04,8+,1,1592.25,0.03,100.0,4.0,E1+M2,0.2,0.05,,,,,,,,,0.002,0.0003,31-Mar-2014,M. SHAMSUZZOHA BASUNIA,2024-04-27
118,84,126,Po,43,4025.77,0.05,(7 8 9-),5,2187.96,0.04,8+,0,1837.79,0.03,100.0,4.0,,,,,,,,,,,,,,31-Mar-2014,M. SHAMSUZZOHA BASUNIA,2024-04-27
119,84,126,Po,43,4025.77,0.05,(7 8 9-),4,1556.97,0.03,8+,1,2469.11,0.14,26.0,4.0,(E1+M2),0.23,,,,,,,,,,0.0035,0.0019,31-Mar-2014,M. SHAMSUZZOHA BASUNIA,2024-04-27
120,84,126,Po,44,4029.1,0.3,(4+),2,1426.701,0.014,4+,0,2602.4,0.3,100.0,,,,,,,,,,,,,,,31-Mar-2014,M. SHAMSUZZOHA BASUNIA,2024-04-27
121,84,126,Po,45,4043.37,0.21,,5,2187.96,0.04,8+,0,1855.4,0.2,100.0,,,,,,,,,,,,,,,31-Mar-2014,M. SHAMSUZZOHA BASUNIA,2024-04-27
122,84,126,Po,46,4105.07,0.21,,5,2187.96,0.04,8+,0,1917.1,0.2,100.0,,,,,,,,,,,,,,,31-Mar-2014,M. SHAMSUZZOHA BASUNIA,2024-04-27
123,84,126,Po,47,4141.08,0.13,(6+),13,2438.36,0.03,7+,0,1702.5,0.2,15.0,10.0,,,,,,,,,,,,,,31-Mar-2014,M. SHAMSUZZOHA BASUNIA,2024-04-27
124,84,126,Po,47,4141.08,0.13,(6+),5,2187.96,0.04,8+,1,1953.6,0.2,30.0,10.0,,,,,,,,,,,,,,31-Mar-2014,M. SHAMSUZZOHA BASUNIA,2024-04-27
125,84,126,Po,47,4141.08,0.13,(6+),4,1556.97,0.03,8+,2,2583.8,0.3,100.0,20.0,,,,,,,,,,,,,,31-Mar-2014,M. SHAMSUZZOHA BASUNIA,2024-04-27
126,84,126,Po,47,4141.08,0.13,(6+),3,1473.357,0.021,6+,3,2665.5,0.4,30.0,10.0,,,,,,,,,,,,,,31-Mar-2014,M. SHAMSUZZOHA BASUNIA,2024-04-27
127,84,126,Po,48,4145.32,0.04,(10)-,29,3182.79,0.04,10-,0,962.61,0.07,100.0,7.0,M1,,,,,,,,,,,0.023,,31-Mar-2014,M. SHAMSUZZOHA BASUNIA,2024-04-27
128,84,126,Po,48,4145.32,0.04,(10)-,20,2999.48,0.04,(9)-,1,1146.47,0.2,11.0,5.0,(M1),,,,,,,,,,,0.01463,,31-Mar-2014,M. SHAMSUZZOHA BASUNIA,2024-04-27
129,84,126,Po,51,4324.12,0.04,(11-),48,4145.32,0.04,(10)-,0,178.81,0.01,7.7,2.0,,,,,,,,,,,,,,31-Mar-2014,M. SHAMSUZZOHA BASUNIA,2024-04-27
130,84,126,Po,51,4324.12,0.04,(11-),17,2849.17,0.04,11-,1,1474.94,0.01,100.0,2.5,M1,,,,,,,,,,,0.00776,,31-Mar-2014,M. SHAMSUZZOHA BASUNIA,2024-04-27
131,84,126,Po,51,4324.12,0.04,(11-),4,1556.97,0.03,8+,2,2767.1,0.4,3.6,0.5,,,,,,,,,,,,,,31-Mar-2014,M. SHAMSUZZOHA BASUNIA,2024-04-27
132,84,126,Po,52,4329.5,0.3,,7,2326.018,0.023,6+,0,2003.5,0.3,100.0,,,,,,,,,,,,,,,31-Mar-2014,M. SHAMSUZZOHA BASUNIA,2024-04-27
133,84,126,Po,54,4371.96,0.04,13-,51,4324.12,0.04,(11-),0,47.8,,0.7,0.05,[E2],,,,,,,,,,,235.0,,31-Mar-2014,M. SHAMSUZZOHA BASUNIA,2024-04-27
134,84,126,Po,54,4371.96,0.04,13-,17,2849.17,0.04,11-,1,1522.79,0.02,100.0,,E2,,,,,,,,,,,0.0034,,31-Mar-2014,M. SHAMSUZZOHA BASUNIA,2024-04-27
135,84,126,Po,56,4386.9,0.3,,7,2326.018,0.023,6+,0,2059.9,0.5,40.0,15.0,,,,,,,,,,,,,,31-Mar-2014,M. SHAMSUZZOHA BASUNIA,2024-04-27
136,84,126,Po,56,4386.9,0.3,,5,2187.96,0.04,8+,1,2199.3,0.3,100.0,10.0,,,,,,,,,,,,,,31-Mar-2014,M. SHAMSUZZOHA BASUNIA,2024-04-27
137,84,126,Po,57,4469.83,0.18,(6+),7,2326.018,0.023,6+,0,2143.5,0.3,10.0,8.0,,,,,,,,,,,,,,31-Mar-2014,M. SHAMSUZZOHA BASUNIA,2024-04-27
138,84,126,Po,57,4469.83,0.18,(6+),5,2187.96,0.04,8+,1,2281.9,0.3,20.0,10.0,,,,,,,,,,,,,,31-Mar-2014,M. SHAMSUZZOHA BASUNIA,2024-04-27
139,84,126,Po,57,4469.83,0.18,(6+),4,1556.97,0.03,8+,2,2913.1,0.3,100.0,15.0,,,,,,,,,,,,,,31-Mar-2014,M. SHAMSUZZOHA BASUNIA,2024-04-27
140,84,126,Po,58,4502.63,0.09,(12-),51,4324.12,0.04,(11-),0,178.8,0.2,74.0,26.0,,,,,,,,,,,,,,31-Mar-2014,M. SHAMSUZZOHA BASUNIA,2024-04-27
141,84,126,Po,58,4502.63,0.09,(12-),48,4145.32,0.04,(10)-,1,357.13,0.1,21.0,7.0,,,,,,,,,,,,,,31-Mar-2014,M. SHAMSUZZOHA BASUNIA,2024-04-27
142,84,126,Po,58,4502.63,0.09,(12-),17,2849.17,0.04,11-,2,1653.43,0.15,100.0,12.0,(M1),,,,,,,,,,,0.00592,,31-Mar-2014,M. SHAMSUZZOHA BASUNIA,2024-04-27
143,84,126,Po,59,4542.41,0.2,(4+),11,2403.282,0.021,5+,0,2139.2,0.3,60.0,20.0,,,,,,,,,,,,,,31-Mar-2014,M. SHAMSUZZOHA BASUNIA,2024-04-27
144,84,126,Po,59,4542.41,0.2,(4+),8,2382.543,0.017,4+,1,2159.8,0.3,40.0,10.0,,,,,,,,,,,,,,31-Mar-2014,M. SHAMSUZZOHA BASUNIA,2024-04-27
145,84,126,Po,59,4542.41,0.2,(4+),2,1426.701,0.014,4+,2,3115.6,0.6,100.0,30.0,,,,,,,,,,,,,,31-Mar-2014,M. SHAMSUZZOHA BASUNIA,2024-04-27
146,84,126,Po,60,4554.0,0.4,(7+),5,2187.96,0.04,8+,0,2365.6,0.4,80.0,20.0,,,,,,,,,,,,,,31-Mar-2014,M. SHAMSUZZOHA BASUNIA,2024-04-27
147,84,126,Po,60,4554.0,0.4,(7+),4,1556.97,0.03,8+,1,2997.9,0.6,100.0,20.0,,,,,,,,,,,,,,31-Mar-2014,M. SHAMSUZZOHA BASUNIA,2024-04-27
148,84,126,Po,61,4592.6,0.4,,0,0.0,,0+,0,4592.5,0.4,100.0,,[M3],,,,,,,,,,,0.00278,,31-Mar-2014,M. SHAMSUZZOHA BASUNIA,2024-04-27
149,84,126,Po,62,4621.59,0.16,(3+),12,2413.834,0.025,3+,0,2207.9,0.3,100.0,30.0,,,,,,,,,,,,,,31-Mar-2014,M. SHAMSUZZOHA BASUNIA,2024-04-27
150,84,126,Po,62,4621.59,0.16,(3+),10,2393.78,0.06,1+,1,2227.7,0.3,30.0,10.0,,,,,,,,,,,,,,31-Mar-2014,M. SHAMSUZZOHA BASUNIA,2024-04-27
151,84,126,Po,62,4621.59,0.16,(3+),8,2382.543,0.017,4+,2,2238.8,0.4,45.0,15.0,,,,,,,,,,,,,,31-Mar-2014,M. SHAMSUZZOHA BASUNIA,2024-04-27
152,84,126,Po,62,4621.59,0.16,(3+),6,2290.14,0.04,2+,3,2331.5,0.3,50.0,25.0,,,,,,,,,,,,,,31-Mar-2014,M. SHAMSUZZOHA BASUNIA,2024-04-27
153,84,126,Po,64,4637.71,0.21,,11,2403.282,0.021,5+,0,2234.7,0.4,60.0,30.0,,,,,,,,,,,,,,31-Mar-2014,M. SHAMSUZZOHA BASUNIA,2024-04-27
154,84,126,Po,64,4637.71,0.21,,8,2382.543,0.017,4+,1,2255.1,0.3,100.0,15.0,,,,,,,,,,,,,,31-Mar-2014,M. SHAMSUZZOHA BASUNIA,2024-04-27
155,84,126,Po,64,4637.71,0.21,,7,2326.018,0.023,6+,2,2311.5,0.4,25.0,10.0,,,,,,,,,,,,,,31-Mar-2014,M. SHAMSUZZOHA BASUNIA,2024-04-27
156,84,126,Po,65,4644.9,0.5,(6+),5,2187.96,0.04,8+,0,2456.9,0.5,100.0,,,,,,,,,,,,,,,31-Mar-2014,M. SHAMSUZZOHA BASUNIA,2024-04-27
157,84,126,Po,66,4660.28,0.24,,8,2382.543,0.017,4+,0,2277.8,0.3,75.0,25.0,,,,,,,,,,,,,,31-Mar-2014,M. SHAMSUZZOHA BASUNIA,2024-04-27
158,84,126,Po,66,4660.28,0.24,,7,2326.018,0.023,6+,1,2334.1,0.4,100.0,40.0,,,,,,,,,,,,,,31-Mar-2014,M. SHAMSUZZOHA BASUNIA,2024-04-27
159,84,126,Po,67,4776.89,0.11,14-,58,4502.63,0.09,(12-),0,274.2,0.07,7.5,1.0,,,,,,,,,,,,,,31-Mar-2014,M. SHAMSUZZOHA BASUNIA,2024-04-27
160,84,126,Po,67,4776.89,0.11,14-,54,4371.96,0.04,13-,1,405.5,0.5,100.0,10.0,M1+E2,1.1,0.3,,,,,,,,,0.13,0.03,31-Mar-2014,M. SHAMSUZZOHA BASUNIA,2024-04-27
161,84,126,Po,68,4948.1,0.3,,11,2403.282,0.021,5+,0,2544.8,0.3,50.0,25.0,,,,,,,,,,,,,,31-Mar-2014,M. SHAMSUZZOHA BASUNIA,2024-04-27
162,84,126,Po,68,4948.1,0.3,,3,1473.357,0.021,6+,1,3474.9,0.5,100.0,50.0,,,,,,,,,,,,,,31-Mar-2014,M. SHAMSUZZOHA BASUNIA,2024-04-27
163,84,126,Po,69,4971.28,0.15,(11- 12-),54,4371.96,0.04,13-,0,599.51,0.16,100.0,31.0,,,,,,,,,,,,,,31-Mar-2014,M. SHAMSUZZOHA BASUNIA,2024-04-27
164,84,126,Po,69,4971.28,0.15,(11- 12-),48,4145.32,0.04,(10)-,1,825.44,0.27,6.9,1.8,,,,,,,,,,,,,,31-Mar-2014,M. SHAMSUZZOHA BASUNIA,2024-04-27
165,84,126,Po,70,4974.4,0.5,,5,2187.96,0.04,8+,0,2786.4,0.5,100.0,,,,,,,,,,,,,,,31-Mar-2014,M. SHAMSUZZOHA BASUNIA,2024-04-27
166,84,126,Po,72,4998.2,0.5,,5,2187.96,0.04,8+,0,2810.2,0.5,100.0,,,,,,,,,,,,,,,31-Mar-2014,M. SHAMSUZZOHA BASUNIA,2024-04-27
167,84,126,Po,74,5057.65,0.05,16+,67,4776.89,0.11,14-,0,279.89,0.1,9.0,0.8,M2,,,,,,,,,0.13,,2.33,,31-Mar-2014,M. SHAMSUZZOHA BASUNIA,2024-04-27
168,84,126,Po,74,5057.65,0.05,16+,54,4371.96,0.04,13-,1,685.69,0.02,100.0,3.0,E3,,,,,,,,,,,0.0438,,31-Mar-2014,M. SHAMSUZZOHA BASUNIA,2024-04-27
169,84,126,Po,77,5614.69,0.21,(17+),74,5057.65,0.05,16+,0,556.9,,100.0,,D+Q,,,,,,,,,,,,,31-Mar-2014,M. SHAMSUZZOHA BASUNIA,2024-04-27
170,84,126,Po,78,6070.26,0.25,(17+),74,5057.65,0.05,16+,0,1012.6,,100.0,,D+Q,,,,,,,,,,,,,31-Mar-2014,M. SHAMSUZZOHA BASUNIA,2024-04-27
171,84,126,Po,79,6085.31,0.21,(18+),77,5614.69,0.21,(17+),0,470.7,,100.0,10.0,,,,,,,,,,,,,,31-Mar-2014,M. SHAMSUZZOHA BASUNIA,2024-04-27
172,84,126,Po,79,6085.31,0.21,(18+),74,5057.65,0.05,16+,1,1027.7,,74.0,10.0,Q,,,,,,,,,,,,,31-Mar-2014,M. SHAMSUZZOHA BASUNIA,2024-04-27
173,84,126,Po,80,6342.83,0.22,(19-),79,6085.31,0.21,(18+),0,257.6,,100.0,14.0,,,,,,,,,,,,,,31-Mar-2014,M. SHAMSUZZOHA BASUNIA,2024-04-27
174,84,126,Po,80,6342.83,0.22,(19-),74,5057.65,0.05,16+,1,1285.3,,76.0,19.0,,,,,,,,,,,,,,31-Mar-2014,M. SHAMSUZZOHA BASUNIA,2024-04-27
175,84,126,Po,81,6384.63,0.25,(18-),80,6342.83,0.22,(19-),0,42.0,,,,,,,,,,,,,,,,,31-Mar-2014,M. SHAMSUZZOHA BASUNIA,2024-04-27
176,84,126,Po,81,6384.63,0.25,(18-),77,5614.69,0.21,(17+),1,769.8,,100.0,,D,,,,,,,,,,,,,31-Mar-2014,M. SHAMSUZZOHA BASUNIA,2024-04-27
177,84,126,Po,82,6422.08,0.25,(18),78,6070.26,0.25,(17+),0,351.8,,100.0,15.0,,,,,,,,,,,,,,31-Mar-2014,M. SHAMSUZZOHA BASUNIA,2024-04-27
178,84,126,Po,82,6422.08,0.25,(18),77,5614.69,0.21,(17+),1,807.3,,20.0,10.0,,,,,,,,,,,,,,31-Mar-2014,M. SHAMSUZZOHA BASUNIA,2024-04-27
179,84,126,Po,83,6713.5,0.3,(19+),82,6422.08,0.25,(18),0,291.3,,54.0,5.0,,,,,,,,,,,,,,31-Mar-2014,M. SHAMSUZZOHA BASUNIA,2024-04-27
180,84,126,Po,83,6713.5,0.3,(19+),81,6384.63,0.25,(18-),1,328.9,,100.0,9.0,D,,,,,,,,,,,,,31-Mar-2014,M. SHAMSUZZOHA BASUNIA,2024-04-27
181,84,126,Po,83,6713.5,0.3,(19+),79,6085.31,0.21,(18+),2,628.2,,77.0,9.0,D+Q,,,,,,,,,,,,,31-Mar-2014,M. SHAMSUZZOHA BASUNIA,2024-04-27
182,84,126,Po,84,6983.9,0.4,(20-),83,6713.5,0.3,(19+),0,270.4,,100.0,,D,,,,,,,,,,,,,31-Mar-2014,M. SHAMSUZZOHA BASUNIA,2024-04-27
183,84,126,Po,85,6995.0,0.4,(20-),83,6713.5,0.3,(19+),0,281.6,,100.0,,D,,,,,,,,,,,,,31-Mar-2014,M. SHAMSUZZOHA BASUNIA,2024-04-27
184,84,126,Po,86,7719.6,0.5,(21-),85,6995.0,0.4,(20-),0,724.6,,100.0,,,,,,,,,,,,,,,31-Mar-2014,M. SHAMSUZZOHA BASUNIA,2024-04-27
185,84,126,Po,87,7989.4,0.5,(21),84,6983.9,0.4,(20-),0,1005.5,,100.0,,(D),,,,,,,,,,,,,31-Mar-2014,M. SHAMSUZZOHA BASUNIA,2024-04-27
186,84,126,Po,88,8074.3,0.4,(23+),85,6995.0,0.4,(20-),0,1079.3,,100.0,12.0,[E3],,,,,,,,,,,,,31-Mar-2014,M. SHAMSUZZOHA BASUNIA,2024-04-27
187,84,126,Po,88,8074.3,0.4,(23+),84,6983.9,0.4,(20-),1,1090.3,,17.0,5.0,[E3],,,,,,,,,,,,,31-Mar-2014,M. SHAMSUZZOHA BASUNIA,2024-04-27
188,84,126,Po,89,8831.1,0.5,(24+),88,8074.3,0.4,(23+),0,756.8,,100.0,,D+Q,,,,,,,,,,,,,31-Mar-2014,M. SHAMSUZZOHA BASUNIA,2024-04-27
189,84,126,Po,90,8893.6,0.6,(23),87,7989.4,0.5,(21),0,904.3,,100.0,,,,,,,,,,,,,,,31-Mar-2014,M. SHAMSUZZOHA BASUNIA,2024-04-27
190,84,126,Po,91,9199.3,0.6,(25),90,8893.6,0.6,(23),0,305.7,,100.0,22.0,,,,,,,,,,,,,,31-Mar-2014,M. SHAMSUZZOHA BASUNIA,2024-04-27
191,84,126,Po,91,9199.3,0.6,(25),89,8831.1,0.5,(24+),1,368.0,,33.0,11.0,,,,,,,,,,,,,,31-Mar-2014,M. SHAMSUZZOHA BASUNIA,2024-04-27
192,84,126,Po,92,9420.8,0.6,(25),89,8831.1,0.5,(24+),0,589.7,,100.0,,,,,,,,,,,,,,,31-Mar-2014,M. SHAMSUZZOHA BASUNIA,2024-04-27
193,84,126,Po,93,9464.8,0.6,(25),89,8831.1,0.5,(24+),0,633.7,,100.0,,,,,,,,,,,,,,,31-Mar-2014,M. SHAMSUZZOHA BASUNIA,2024-04-27
194,84,126,Po,94,9535.1,0.6,(26),89,8831.1,0.5,(24+),0,704.0,,100.0,,,,,,,,,,,,,,,31-Mar-2014,M. SHAMSUZZOHA BASUNIA,2024-04-27
195,84,126,Po,95,9567.4,0.7,(26),91,9199.3,0.6,(25),0,368.1,,100.0,,,,,,,,,,,,,,,31-Mar-2014,M. SHAMSUZZOHA BASUNIA,2024-04-27
196,84,126,Po,96,9581.8,0.6,(26),89,8831.1,0.5,(24+),0,750.7,,100.0,,,,,,,,,,,,,,,31-Mar-2014,M. SHAMSUZZOHA BASUNIA,2024-04-27
197,84,126,Po,97,9590.1,0.6,(26),89,8831.1,0.5,(24+),0,759.0,,100.0,,,,,,,,,,,,,,,31-Mar-2014,M. SHAMSUZZOHA BASUNIA,2024-04-27
198,84,126,Po,98,10084.1,0.7,(27),96,9581.8,0.6,(26),0,502.3,,100.0,,,,,,,,,,,,,,,31-Mar-2014,M. SHAMSUZZOHA BASUNIA,2024-04-27
